store_id,product_id,customer_id,quantity,price,discount,sale_date
S001,P0031,71,2,70.49,0.0,2025-03-03
S001,P0034,5,3,60.78,0.1,2025-03-05
S001,P0031,98,2,92.81,0.25,2025-03-05
S002,P0036,60,4,11.81,0.0,2025-03-06
S001,P0031,19,2,6.24,0.15,2025-03-06
S002,P0049,98,2,38.24,0.0,2025-03-06
S003,P0034,26,4,45.35,0.0,2025-03-07
S001,P0016,88,2,53.17,0.0,2025-03-07
S001,P0041,8,3,82.51,0.2,2025-03-02
S002,P0025,67,3,82.37,0.0,2025-03-04
S001,P0048,38,3,29.11,0.25,2025-03-05
S003,P0018,41,2,23.09,0.1,2025-03-06
S004,P0034,62,3,13.57,0.1,2025-03-01
S003,P0039,9,3,79.12,0.1,2025-03-02
S004,P0020,30,3,72.28,,2025-03-01
S003,P0050,100,3,95.66,0.0,2025-03-05
S001,P0036,10,5,24.1,0.05,2025-03-06
S004,P0011,8,3,6.97,0.0,2025-03-03
S005,P0021,86,4,28.32,0.0,2025-03-05
S004,P0045,91,4,95.25,0.05,2025-03-02
S005,P0008,41,3,12.21,0.2,2025-03-03
S001,P0020,84,2,55.37,,2025-03-02
S004,P0001,11,3,10.21,0.0,2025-03-01
S001,P0024,81,1,41.0,0.05,2025-03-05
S005,P0032,26,3,35.1,0.0,2025-03-01
S004,P0049,25,3,96.53,0.0,2025-03-04
S004,P0042,77,3,17.35,0.0,2025-03-03
S005,P0016,51,2,10.12,0.05,2025-03-04
S005,P0048,6,3,99.86,0.25,2025-03-07
S004,P0020,66,3,23.71,0.05,2025-03-02
S004,P0043,85,4,68.51,0.05,2025-03-06
S003,P0045,36,3,16.12,0.0,2025-03-03
S002,P0028,59,2,94.98,0.0,2025-03-06
S005,P0016,2,2,90.73,0.2,2025-03-05
S002,P0029,13,4,99.85,0.0,2025-03-02
S002,P0016,76,4,19.55,0.0,2025-03-01
S004,P0031,74,2,87.03,0.0,2025-03-06
S002,P0032,13,2,75.89,0.1,2025-03-03
S002,P0046,34,3,81.48,0.0,2025-03-03
S001,P0013,16,1,11.22,0.15,2025-03-05
S005,P0048,69,3,39.05,0.0,2025-03-01
S003,P0035,93,2,58.35,0.05,2025-03-03
S001,P0033,74,1,8.21,0.1,2025-03-05
S001,P0002,6,3,1874.6941271800724,0.05,2025-03-06
S005,P0039,18,2,3.57,0.0,2025-03-02
S003,P0049,13,2,40.84,0.05,2025-03-05
S003,P0033,76,4,90.6,0.0,2025-03-01
S001,P0006,27,2,3.33,0.05,2025-03-01
S001,P0037,80,2,43.72,0.0,2025-03-04
S002,P0041,22,4,73.51,0.0,2025-03-06
S003,P0027,85,1,12.56,0.05,2025-03-02
S004,P0036,25,4,72.25,0.05,2025-03-07
S001,P0022,13,4,51.66,0.1,2025-03-06
S005,P0021,65,4,55.89,0.05,2025-03-07
S005,P0033,75,3,92.99,0.05,2025-03-05
S003,P0048,28,1,87.2,0.0,2025-03-02
S001,P0044,56,1,20.33,0.0,2025-03-03
S001,P0019,3,3,87.72,0.0,2025-03-05
S002,P0017,15,1,25.95,0.0,2025-03-06
S005,P0020,96,4,66.07,0.0,2025-03-07
S004,P0033,46,2,63.36,0.0,2025-03-03
S002,P0009,12,3,87.55,0.15,2025-03-05
S004,P0029,29,1,81.04,0.05,2025-03-04
S001,P0034,67,3,58.25,0.05,2025-03-05
S003,P0027,78,4,32.89,0.1,2025-03-05
S001,P0015,61,5,13.69,0.05,2025-03-03
S001,P0038,28,1,44.61,0.05,2025-03-02
S004,P0006,57,4,36.09,0.15,2025-03-02
S001,P0042,18,2,55.71,0.0,2025-03-05
S003,P0044,53,2,66.11,0.05,2025-03-06
S003,P0028,78,3,61.26,0.05,2025-03-06
S003,P0041,4,2,20.49,0.0,2025-03-06
S003,P0019,60,3,30.37,0.05,2025-03-02
S004,P0028,18,error,50.52,0.05,2025-03-06
S005,P0040,97,5,38.22,0.0,2025-03-03
S004,P0038,61,4,23.22,0.05,2025-03-05
S001,P0012,82,5,74.73,0.15,2025-03-01
S001,P0042,100,3,46.46,0.0,2025-03-06
S001,P0027,75,3,74.68,0.05,2025-03-03
S001,P0032,42,4,11.83,0.0,2025-03-05
S005,P0043,27,2,86.43,0.0,2025-03-07
S005,P0038,60,1,79.55,0.1,2025-03-02
S003,P0018,90,2,76.58,0.0,2025-03-06
S001,P0040,18,1,4.45,0.0,2025-03-01
S001,P0029,100,4,40.35,0.0,2025-03-04
S002,P0048,16,4,64.98,0.15,2025-03-06
S001,P0044,40,1,17.46,0.15,2025-03-05
S001,P0044,7,5,30.19,0.0,2025-03-04
S005,P0046,99,1,3.87,0.1,2025-03-06
S003,P0028,95,2,37.7,0.0,2025-03-03
S005,P0010,26,2,18.81,0.05,2025-03-05
S003,P0029,49,1,46.33,0.05,2025-03-03
S001,P0019,70,2,9.13,0.1,2025-03-03
S005,P0025,18,3,74.48,0.05,2025-03-02
S001,P0028,19,3,25.15,0.0,2025-03-07
S001,P0041,58,3,8.26,0.1,2025-03-06
S001,P0029,63,5,96.99,0.15,2025-03-05
S002,P0002,65,4,17.36,0.0,2025-03-06
S002,P0001,58,error,4.69,0.0,2025-03-04
S004,P0024,41,3,44.0,0.1,2025-03-06
S003,P0034,81,2,9.03,0.15,2025-03-05
S002,P0010,81,4,46.8,0.15,2025-03-05
S002,P0045,7,2,37.35,0.0,2025-03-06
S005,P0002,81,1,65.63,0.05,2025-03-05
S003,P0027,30,3,86.14,0.05,2025-03-03
S004,P0037,32,3,68.47,0.0,2025-03-03
S005,P0025,42,2,83.53,0.0,2025-03-06
S003,P0009,27,4,63.83,,2025-03-05
S002,P0048,52,1,70.84,0.1,2025-03-04
S002,P0026,62,1,73.01,0.05,2025-03-02
S002,P0047,97,1,1605.3684937719497,0.0,2025-03-07
S004,P0039,1,5,97.83,0.0,2025-03-07
S001,P0007,53,2,51.94,0.05,2025-03-02
S002,P0009,59,3,72.36,0.0,2025-03-05
S002,P0030,82,2,54.27,0.0,2025-03-06
S001,P0027,26,4,78.67,0.1,2025-03-04
S004,P0026,67,2,58.58,0.0,2025-03-03
S002,P0010,76,3,5.92,0.0,2025-03-02
S004,P0015,9,2,64.9,0.0,2025-03-07
S002,P0022,17,2,50.15,0.1,2025-03-05
S002,P0032,82,2,85.98,0.2,2025-03-05
S003,P0025,17,4,80.94,0.05,2025-03-05
S003,P0011,66,3,4.63,0.05,2025-03-04
S001,P0014,36,3,56.37,0.0,2025-03-05
S004,P0024,95,2,94.95,0.15,2025-03-07
S005,P0029,12,3,42.41,0.1,2025-03-05
S002,P0048,31,2,60.46,0.15,2025-03-04
S004,P0041,99,2,74.42,0.25,2025-03-03
S001,P0034,90,1,3.93,0.1,2025-03-07
S005,P0044,98,3,19.13,0.05,2025-03-06
S002,P0034,44,4,52.76,0.2,2025-03-07
S002,P0038,89,3,19.44,0.15,2025-03-05
S001,P0048,5,2,60.76,0.0,2025-03-03
S005,P0041,52,3,18.16,0.05,2025-03-02
S002,P0036,6,2,35.72,0.0,2025-03-07
S004,P0028,82,2,82.31,,2025-03-03
S002,P0040,44,3,75.14,0.2,2025-03-01
S002,P0043,35,2,14.22,0.0,2025-03-01
S001,P0039,74,4,31.3,0.05,2025-03-01
S001,P0037,85,5,48.14,0.0,2025-03-02
S001,P0031,99,5,11.55,0.1,2025-03-04
S002,P0045,72,3,78.86,0.05,2025-03-07
S002,P0040,1,4,43.65,0.0,2025-03-03
S003,P0046,20,2,13.97,0.0,2025-03-04
S002,P0050,14,2,42.38,0.0,2025-03-03
S001,P0023,76,3,63.69,0.15,2025-03-06
S005,P0007,21,2,38.45,0.1,2025-03-06
S004,P0002,60,3,39.02,0.0,2025-03-02
S002,P0001,52,3,41.4,0.05,2025-03-04
S002,P0045,40,5,49.06,0.1,2025-03-06
S005,P0048,95,3,56.15,0.1,2025-03-06
S004,P0022,20,3,7.68,0.1,2025-03-05
S003,P0003,99,5,80.69,0.0,2025-03-06
S001,P0046,59,5,11.05,0.0,2025-03-01
S002,P0028,85,1,36.59,0.0,2025-03-03
S005,P0050,69,4,28.03,0.05,2025-03-07
S004,P0010,16,3,31.54,0.0,2025-03-01
S005,P0031,93,3,24.69,0.0,2025-03-05
S001,P0047,35,4,32.68,0.05,2025-03-07
S001,P0027,32,5,13.6,0.0,2025-03-06
S005,P0001,59,3,61.87,0.05,2025-03-01
S002,P0038,42,1,41.17,0.05,2025-03-07
S002,P0009,11,5,8.57,0.1,2025-03-04
S004,P0030,5,2,87.48,0.1,2025-03-07
S004,P0048,99,2,64.32,0.05,2025-03-04
S001,P0012,15,4,79.23,0.1,2025-03-05
S001,P0026,63,2,4.45,0.0,2025-03-05
S005,P0043,3,3,58.94,0.0,2025-03-03
S005,P0017,85,3,29.33,0.0,2025-03-01
S004,P0048,36,2,63.69,0.1,2025-03-03
S003,P0049,16,4,51.55,,2025-03-07
S002,P0047,21,3,6.08,0.05,2025-03-05
S005,P0040,53,3,13.22,0.05,2025-03-03
S003,P0005,44,3,89.16,0.0,2025-03-03
S005,P0019,62,4,35.06,0.0,2025-03-04
S001,P0022,46,5,51.31,0.15,2025-03-01
S003,P0045,93,3,42.48,0.0,2025-03-06
S005,P0012,20,3,38.07,0.05,2025-03-04
S003,P0023,39,4,54.18,0.1,2025-03-05
S005,P0032,48,3,78.17,0.05,2025-03-05
S002,P0016,11,4,30.7,0.15,2025-03-03
S001,P0045,10,3,61.72,0.0,2025-03-04
S005,P0005,16,4,60.56,0.0,2025-03-05
S003,P0033,65,1,49.17,0.0,2025-03-07
S001,P0042,13,2,8.63,0.0,2025-03-04
S004,P0004,41,5,56.42,0.05,2025-03-06
S004,P0044,25,3,77.12,0.1,2025-03-03
S001,P0038,22,2,50.63,0.1,2025-03-02
S004,P0046,18,3,54.66,0.0,2025-03-03
S002,P0039,79,1,77.12,0.1,2025-03-04
S002,P0019,40,3,81.71,0.1,2025-03-07
S001,P0048,43,2,49.58,0.05,2025-03-04
S003,P0004,54,1,1.02,0.15,2025-03-06
S001,P0039,100,5,75.86,0.0,2025-03-03
S001,P0028,96,3,62.97,0.0,2025-03-02
S005,P0044,70,3,2.26,0.05,2025-03-03
S004,P0028,51,2,22.47,0.25,2025-03-04
S005,P0041,92,3,89.36,0.0,2025-03-01
S002,P0026,47,2,92.76,0.0,2025-03-04
S004,P0046,5,4,74.18,0.0,2025-03-07
S001,P0046,30,2,56.21,0.2,2025-03-03
S001,P0013,6,3,70.17,0.1,2025-03-04
S003,P0030,73,2,83.11,0.1,2025-03-03
S002,P0014,22,2,46.6,0.05,2025-03-04
S004,P0047,12,4,95.27,0.15,2025-03-01
S002,P0015,30,3,34.47,0.0,2025-03-01
S005,P0049,54,3,42.34,0.0,2025-03-02
S001,P0014,95,1,58.64,0.15,2025-03-04
S005,P0024,81,2,21.93,0.05,2025-03-06
S003,P0041,21,4,4.48,0.15,2025-03-02
S004,P0046,64,5,45.19,0.15,2025-03-02
S004,P0017,70,3,11.41,0.05,2025-03-02
S004,P0031,49,2,19.94,0.1,2025-03-03
S004,P0050,35,2,1140.8927523685031,0.0,2025-03-06
S003,P0037,95,5,61.39,0.0,2025-03-03
S004,P0025,14,2,7.32,0.1,2025-03-03
S002,P0017,34,2,23.08,0.0,2025-03-06
S003,P0034,2,3,52.28,0.0,2025-03-05
S002,P0048,91,4,58.63,0.0,2025-03-05
S001,P0016,11,1,9.92,0.0,2025-03-04
S003,P0031,29,1,25.13,0.0,2025-03-06
S005,P0028,74,1,31.51,0.05,2025-03-02
S002,P0035,83,error,11.17,0.0,2025-03-01
S004,P0049,64,2,70.27,0.1,2025-03-06
S005,P0009,93,4,91.33,0.1,2025-03-04
S002,P0003,79,1,11.74,0.1,2025-03-01
S004,P0024,95,4,61.57,0.0,2025-03-01
S001,P0035,10,2,67.97,0.05,2025-03-07
S002,P0049,50,2,47.52,0.15,2025-03-04
S002,P0007,22,3,55.98,0.0,2025-03-05
S003,P0040,32,2,98.83,0.05,2025-03-04
S001,P0047,29,2,72.43,0.1,2025-03-04
S004,P0016,55,2,78.91,0.15,2025-03-03
S004,P0040,19,4,8.16,0.1,2025-03-02
S004,P0049,5,3,11.56,0.15,2025-03-03
S001,P0035,85,3,87.83,0.05,2025-03-06
S005,P0006,7,2,58.22,0.2,2025-03-07
S001,P0037,13,3,81.6,0.15,2025-03-02
S001,P0050,27,2,16.5,0.25,2025-03-01
S003,P0004,100,4,59.69,0.2,2025-03-06
S003,P0036,73,3,62.59,0.05,2025-03-06
S005,P0040,12,4,31.97,0.0,2025-03-02
S005,P0050,81,1,81.08,0.0,2025-03-04
S005,P0048,81,2,48.06,0.15,2025-03-02
S004,P0013,30,3,84.42,0.0,2025-03-07
S004,P0041,99,2,71.99,0.0,2025-03-05
S002,P0038,85,5,1702.8105833398508,0.1,2025-03-06
S003,P0045,4,1,69.47,0.05,2025-03-02
S004,P0029,11,2,59.1,0.0,2025-03-04
S005,P0045,89,3,19.95,0.0,2025-03-04
S001,P0047,52,2,37.49,0.05,2025-03-07
S001,P0041,29,5,8.86,0.0,2025-03-02
S003,P0030,53,3,35.58,0.05,2025-03-02
S005,P0050,61,4,42.41,0.0,2025-03-06
S005,P0014,9,2,79.01,0.0,2025-03-06
S002,P0001,11,3,37.96,0.05,2025-03-04
S003,P0009,26,3,35.32,0.0,2025-03-05
S001,P0049,87,2,68.45,0.05,2025-03-04
S002,P0031,6,4,92.6,0.1,2025-03-01
S002,P0011,7,5,3.73,0.05,2025-03-06
S004,P0005,77,2,20.48,,2025-03-03
S002,P0032,91,4,63.36,0.1,2025-03-02
S003,P0025,38,3,27.45,,2025-03-07
S005,P0009,24,2,99.15,0.1,2025-03-06
S001,P0030,74,1,99.8,0.0,2025-03-03
S005,P0039,93,3,38.54,0.05,2025-03-04
S005,P0029,25,4,30.93,0.0,2025-03-03
S002,P0025,41,3,3.53,0.0,2025-03-03
S004,P0040,12,1,73.79,0.15,2025-03-03
S001,P0048,64,2,32.16,,2025-03-07
S003,P0016,75,1,24.33,0.15,2025-03-02
S003,P0027,50,3,2.13,0.05,2025-03-03
S004,P0046,69,1,42.43,0.2,2025-03-04
S001,P0042,42,3,61.58,0.1,2025-03-07
S002,P0038,29,2,10.24,0.0,2025-03-05
S005,P0014,64,2,3.29,0.0,2025-03-02
S001,P0033,97,3,5.99,0.25,2025-03-05
S002,P0002,69,4,74.03,0.15,2025-03-04
S004,P0016,71,3,44.38,0.05,2025-03-02
S001,P0033,43,2,38.64,0.1,2025-03-01
S001,P0020,28,3,19.16,0.15,2025-03-06
S002,P0023,94,3,60.25,0.2,2025-03-05
S002,P0028,92,5,15.51,0.1,2025-03-07
S004,P0030,7,5,86.31,0.15,2025-03-02
S005,P0046,100,4,98.89,0.0,2025-03-01
S003,P0033,21,2,8.51,0.15,2025-03-01
S005,P0049,32,3,26.55,0.1,2025-03-07
S001,P0037,91,1,20.47,0.0,2025-03-01
S001,P0013,98,2,34.92,0.0,2025-03-04
S002,P0035,22,1,50.14,0.0,2025-03-03
S004,P0028,74,4,7.08,0.1,2025-03-05
S003,P0004,67,1,97.35,0.0,2025-03-04
S001,P0013,9,error,31.24,0.0,2025-03-04
S001,P0044,20,2,83.12,0.05,2025-03-07
S004,P0035,51,1,82.07,0.15,2025-03-06
S003,P0047,73,5,5.62,0.05,2025-03-07
S003,P0025,53,3,84.42,0.05,2025-03-03
S003,P0004,26,3,76.59,0.05,2025-03-03
S002,P0015,70,2,58.79,0.05,2025-03-03
S002,P0042,53,3,19.97,0.15,2025-03-07
S001,P0036,58,1,6.3,0.0,2025-03-07
S003,P0046,64,2,88.38,0.1,2025-03-03
S003,P0030,46,2,27.29,0.05,2025-03-03
S005,P0026,83,3,33.74,0.2,2025-03-04
S002,P0042,69,1,96.17,0.05,2025-03-04
S004,P0030,31,5,69.87,0.0,2025-03-03
S002,P0024,41,3,96.9,0.05,2025-03-02
S003,P0009,8,4,99.0,0.0,2025-03-03
S001,P0048,47,3,28.22,0.2,2025-03-06
S005,P0005,83,3,75.97,0.0,2025-03-01
S001,P0022,77,3,64.06,0.1,2025-03-04
S001,P0007,60,3,71.25,0.05,2025-03-06
S002,P0014,72,2,55.04,0.15,2025-03-05
S002,P0049,29,2,24.41,0.05,2025-03-03
S001,P0012,37,error,38.52,0.05,2025-03-04
S002,P0013,10,4,98.55,0.0,2025-03-03
S005,P0048,8,2,91.25,0.15,2025-03-07
S002,P0046,47,5,84.24,0.05,2025-03-03
S002,P0040,25,3,43.3,0.0,2025-03-05
S001,P0027,35,3,88.04,0.0,2025-03-05
S001,P0035,95,2,18.23,0.0,2025-03-04
S005,P0023,54,2,45.87,0.15,2025-03-02
S003,P0036,57,1,42.68,0.15,2025-03-05
S003,P0018,31,5,8.64,0.1,2025-03-05
S002,P0045,77,3,96.86,0.0,2025-03-02
S005,P0015,56,4,61.9,0.0,2025-03-02
S005,P0046,53,2,55.39,0.0,2025-03-04
S001,P0035,42,4,87.52,0.05,2025-03-07
S003,P0043,40,3,63.32,0.0,2025-03-04
S002,P0031,97,2,84.33,0.1,2025-03-02
S004,P0005,72,2,52.56,0.2,2025-03-06
S003,P0035,14,5,80.65,0.0,2025-03-02
S004,P0048,18,1,89.73,0.1,2025-03-04
S004,P0050,82,4,8.65,0.05,2025-03-07
S004,P0047,60,4,7.08,0.2,2025-03-06
S001,P0028,96,3,1765.1327507351073,0.1,2025-03-07
S004,P0017,85,4,63.98,0.1,2025-03-02
S004,P0037,60,2,54.34,0.0,2025-03-03
S001,P0026,24,2,70.82,0.05,2025-03-01
S001,P0045,48,5,84.07,0.05,2025-03-04
S001,P0040,59,4,19.42,0.05,2025-03-01
S001,P0027,46,3,61.46,0.15,2025-03-03
S001,P0042,60,3,86.61,0.1,2025-03-07
S002,P0032,11,2,53.75,0.15,2025-03-06
S003,P0038,60,4,82.27,0.0,2025-03-05
S002,P0050,72,4,41.17,0.2,2025-03-02
S001,P0016,1,3,89.8,0.1,2025-03-07
S001,P0044,43,5,57.02,0.0,2025-03-05
S005,P0030,39,3,26.42,,2025-03-03
S003,P0049,16,1,24.74,0.1,2025-03-02
S003,P0043,58,3,16.71,0.25,2025-03-07
S004,P0045,95,3,48.33,0.0,2025-03-07
S005,P0031,68,1,24.95,0.0,2025-03-06
S002,P0013,11,3,93.68,0.0,2025-03-01
S004,P0011,93,5,47.93,0.05,2025-03-04
S002,P0049,15,1,85.24,0.15,2025-03-05
S001,P0010,68,4,15.38,0.05,2025-03-01
S005,P0037,92,5,42.78,0.0,2025-03-07
S002,P0024,62,1,8.89,0.05,2025-03-02
S004,P0033,23,3,82.66,0.2,2025-03-04
S001,P0012,63,2,84.5,0.05,2025-03-02
S005,P0019,99,5,92.99,0.1,2025-03-04
S005,P0024,31,2,92.54,0.0,2025-03-07
S002,P0047,79,4,49.93,0.05,2025-03-01
S002,P0027,78,4,1678.6809134374878,0.0,2025-03-03
S002,P0038,3,2,97.08,0.0,2025-03-06
S001,P0028,98,4,73.12,0.2,2025-03-04
S003,P0029,11,5,46.27,0.0,2025-03-01
S004,P0002,48,2,30.17,0.05,2025-03-01
S002,P0034,61,2,86.94,0.0,2025-03-03
S003,P0003,99,5,66.6,0.0,2025-03-01
S001,P0032,87,3,36.8,0.05,2025-03-06
S004,P0009,41,3,76.76,0.05,2025-03-01
S002,P0045,40,5,10.75,0.0,2025-03-04
S003,P0048,3,4,60.03,0.0,2025-03-06
S005,P0030,87,4,66.75,0.05,2025-03-03
S004,P0039,66,4,83.6,0.0,2025-03-02
S003,P0049,96,3,86.07,0.0,2025-03-05
S005,P0048,2,2,39.47,0.0,2025-03-05
S003,P0033,42,3,79.82,0.05,2025-03-04
S005,P0026,98,1,85.53,0.0,2025-03-03
S003,P0050,68,3,3.04,0.05,2025-03-06
S005,P0041,66,2,29.62,0.2,2025-03-06
S002,P0047,55,3,91.63,0.05,2025-03-03
S002,P0034,75,3,94.94,0.05,2025-03-01
S003,P0042,80,1,64.87,,2025-03-07
S002,P0040,62,5,7.87,0.15,2025-03-03
S002,P0014,24,2,26.54,0.0,2025-03-07
S002,P0037,60,2,11.56,0.0,2025-03-07
S002,P0032,95,2,74.45,0.05,2025-03-07
S002,P0020,90,3,49.57,0.15,2025-03-07
S002,P0036,53,2,40.83,0.0,2025-03-05
S002,P0046,56,5,45.76,0.2,2025-03-03
S001,P0012,66,4,26.68,0.05,2025-03-05
S001,P0048,24,3,84.65,0.0,2025-03-03
S001,P0034,56,4,12.09,0.05,2025-03-01
S001,P0036,33,4,24.13,0.0,2025-03-01
S002,P0008,27,1,19.7,0.05,2025-03-04
S005,P0031,89,4,71.19,0.15,2025-03-02
S003,P0029,62,2,38.87,0.05,2025-03-01
S002,P0016,42,2,75.48,0.25,2025-03-01
S004,P0028,21,4,94.08,0.25,2025-03-04
S003,P0042,8,2,62.0,0.1,2025-03-07
S004,P0048,57,3,60.24,0.0,2025-03-06
S003,P0035,94,3,34.73,,2025-03-04
S002,P0008,35,2,40.54,0.0,2025-03-06
S001,P0047,92,3,64.06,0.0,2025-03-02
S004,P0050,82,3,9.7,0.15,2025-03-06
S001,P0007,32,3,25.07,0.0,2025-03-04
S001,P0032,19,3,48.29,0.05,2025-03-05
S004,P0029,98,3,69.85,0.2,2025-03-01
S001,P0025,91,3,17.32,0.05,2025-03-06
S001,P0018,3,2,14.52,0.1,2025-03-02
S002,P0019,56,2,78.31,0.05,2025-03-02
S005,P0024,28,3,87.46,0.2,2025-03-06
S004,P0029,95,2,80.2,0.05,2025-03-03
S005,P0050,55,3,24.55,0.15,2025-03-07
S005,P0020,85,4,73.26,0.0,2025-03-05
S001,P0039,67,1,48.42,0.0,2025-03-05
S002,P0029,71,2,33.68,0.0,2025-03-07
S003,P0007,1,5,85.71,0.0,2025-03-05
S002,P0014,64,4,3.48,,2025-03-02
S001,P0029,29,2,47.42,0.0,2025-03-03
S002,P0030,10,3,45.19,0.0,2025-03-03
S002,P0038,80,4,48.68,0.0,2025-03-02
S003,P0038,52,3,19.16,0.05,2025-03-02
S001,P0031,68,3,53.92,0.05,2025-03-02
S002,P0005,35,1,64.09,0.0,2025-03-03
S004,P0005,18,2,77.6,0.0,2025-03-07
S004,P0026,4,2,7.73,0.2,2025-03-04
S001,P0013,39,2,87.78,0.05,2025-03-07
S002,P0049,14,3,58.53,0.05,2025-03-06
S002,P0049,47,3,34.54,0.15,2025-03-01
S002,P0029,74,4,97.81,0.15,2025-03-02
S003,P0016,55,2,32.48,0.05,2025-03-04
S001,P0007,34,1,39.94,0.0,2025-03-01
S005,P0030,40,2,32.07,0.05,2025-03-04
S004,P0019,72,5,17.0,0.0,2025-03-06
S005,P0020,39,5,50.2,0.05,2025-03-03
S005,P0008,87,1,33.32,0.05,2025-03-04
S002,P0039,87,2,80.75,0.05,2025-03-06
S004,P0021,31,5,70.04,0.0,2025-03-07
S003,P0034,47,3,16.27,0.15,2025-03-03
S001,P0047,92,2,44.3,0.15,2025-03-04
S002,P0018,69,2,46.53,0.1,2025-03-02
S004,P0007,71,1,28.48,0.0,2025-03-02
S002,P0024,83,4,15.53,0.2,2025-03-04
S002,P0007,49,2,53.39,0.0,2025-03-05
S001,P0034,2,4,24.66,0.05,2025-03-06
S005,P0032,62,5,47.79,0.05,2025-03-05
S001,P0038,13,4,89.32,0.1,2025-03-05
S005,P0049,87,1,72.66,0.1,2025-03-02
S002,P0028,7,2,64.1,0.0,2025-03-06
S001,P0032,38,2,36.44,0.15,2025-03-05
S002,P0033,27,5,72.48,0.0,2025-03-07
S005,P0024,52,4,26.31,0.0,2025-03-05
S005,P0041,59,3,90.37,0.0,2025-03-03
S003,P0023,52,3,75.25,0.15,2025-03-01
S003,P0042,74,1,50.94,0.15,2025-03-05
S005,P0020,94,2,8.36,0.0,2025-03-04
S002,P0041,89,4,97.7,0.05,2025-03-01
S003,P0027,33,5,93.6,0.15,2025-03-04
S002,P0014,64,3,73.31,,2025-03-07
S001,P0044,15,4,56.83,0.15,2025-03-03
S002,P0008,4,4,13.78,0.0,2025-03-01
S005,P0003,75,4,76.73,0.0,2025-03-03
S004,P0028,21,3,98.57,0.0,2025-03-05
S002,P0031,12,2,68.18,0.0,2025-03-03
S005,P0036,19,1,88.04,0.15,2025-03-05
S002,P0028,85,4,2.73,0.0,2025-03-04
S005,P0049,68,4,80.89,0.05,2025-03-03
S001,P0007,57,4,85.58,0.15,2025-03-04
S001,P0027,1,4,82.53,0.0,2025-03-02
S003,P0018,2,3,44.41,0.0,2025-03-04
S001,P0017,44,5,53.83,0.15,2025-03-05
S005,P0050,72,3,32.57,0.05,2025-03-07
S005,P0039,48,2,19.41,0.0,2025-03-02
S004,P0020,55,4,54.8,0.25,2025-03-02
S002,P0047,40,4,55.77,0.05,2025-03-05
S005,P0004,70,3,6.58,0.0,2025-03-02
S005,P0024,48,3,90.06,0.05,2025-03-06
S001,P0041,53,3,61.91,0.0,2025-03-02
S004,P0050,48,2,74.29,0.0,2025-03-05
S002,P0036,67,2,52.37,0.1,2025-03-07
S002,P0016,42,2,42.1,0.05,2025-03-04
S001,P0021,5,4,62.96,0.15,2025-03-05
S002,P0047,38,2,59.18,0.1,2025-03-02
S004,P0009,15,5,80.88,0.0,2025-03-02
S002,P0046,17,3,6.16,0.25,2025-03-07
S002,P0049,29,3,67.16,0.0,2025-03-07
S002,P0034,56,4,69.82,0.0,2025-03-07
S002,P0043,52,2,68.43,0.0,2025-03-06
S002,P0048,61,5,33.15,0.0,2025-03-06
S003,P0017,67,4,11.32,0.05,2025-03-04
S002,P0023,6,3,31.49,,2025-03-04
S001,P0007,29,3,28.73,0.1,2025-03-07
S003,P0034,40,4,43.27,0.0,2025-03-07
S005,P0030,24,3,25.62,0.0,2025-03-05
S001,P0038,65,3,98.62,0.1,2025-03-02
S001,P0013,48,4,71.59,0.0,2025-03-05
S003,P0043,96,5,81.06,0.1,2025-03-04
S002,P0021,52,3,36.81,0.05,2025-03-02
S003,P0039,73,2,92.09,0.0,2025-03-01
S001,P0049,99,5,44.87,0.15,2025-03-05
S003,P0038,85,2,96.55,0.15,2025-03-01
S003,P0027,6,3,92.01,0.05,2025-03-07
S003,P0042,40,1,25.89,0.0,2025-03-05
S005,P0050,6,1,47.59,0.25,2025-03-02
S004,P0036,57,2,96.78,0.15,2025-03-02
S005,P0008,9,2,88.47,0.0,2025-03-04
S003,P0013,81,1,12.89,0.05,2025-03-01
S002,P0047,73,3,3.48,0.1,2025-03-05
S001,P0012,18,1,65.37,0.0,2025-03-05
S002,P0027,14,2,88.51,0.2,2025-03-06
S003,P0044,29,1,82.5,0.05,2025-03-06
S005,P0050,59,5,39.4,0.1,2025-03-07
S004,P0022,43,1,30.98,0.05,2025-03-07
S004,P0025,24,3,77.78,0.0,2025-03-05
S002,P0030,64,1,9.32,0.0,2025-03-03
S003,P0048,51,2,91.85,0.1,2025-03-01
S002,P0034,90,2,21.35,0.1,2025-03-04
S001,P0022,22,3,60.44,0.15,2025-03-05
S003,P0013,26,3,36.9,0.1,2025-03-01
S004,P0018,95,2,1773.81697604738,0.0,2025-03-05
S003,P0047,97,3,9.08,0.2,2025-03-07
S001,P0044,26,2,31.07,0.0,2025-03-07
S001,P0016,84,2,44.92,0.0,2025-03-06
S004,P0029,74,2,27.41,0.25,2025-03-06
S002,P0026,42,2,30.99,0.0,2025-03-03
S003,P0014,14,3,97.04,0.05,2025-03-02
S004,P0010,54,5,35.27,0.2,2025-03-04
S005,P0050,35,2,63.24,0.0,2025-03-05
S005,P0049,12,1,23.3,0.0,2025-03-06
S004,P0038,65,3,45.21,0.2,2025-03-03
S001,P0034,29,2,45.82,0.0,2025-03-04
S004,P0030,33,1,11.57,0.15,2025-03-06
S004,P0008,6,2,76.8,0.05,2025-03-03
S002,P0047,14,5,70.51,0.0,2025-03-05
S002,P0016,34,4,9.61,0.0,2025-03-06
S005,P0008,2,3,73.4,0.05,2025-03-06
S002,P0040,27,3,26.8,0.15,2025-03-06
S004,P0030,90,5,39.45,0.05,2025-03-03
S002,P0034,97,3,20.81,0.0,2025-03-01
S005,P0046,17,4,61.03,0.0,2025-03-03
S003,P0007,91,3,99.61,0.05,2025-03-04
S005,P0048,63,5,83.72,0.0,2025-03-06
S001,P0015,48,3,56.41,0.05,2025-03-07
S004,P0013,6,2,1.76,0.0,2025-03-05
S004,P0004,33,3,35.71,0.0,2025-03-04
S002,P0031,94,4,42.28,0.2,2025-03-07
S003,P0033,10,2,9.92,0.0,2025-03-03
S004,P0031,10,1,25.69,0.05,2025-03-07
S002,P0001,59,2,81.99,0.0,2025-03-01
S002,P0036,50,3,9.6,0.0,2025-03-03
S002,P0029,10,2,24.03,0.1,2025-03-01
S005,P0048,48,2,2.89,0.0,2025-03-04
S002,P0036,69,4,38.41,0.05,2025-03-06
S005,P0040,51,3,97.39,0.0,2025-03-07
S005,P0048,25,4,60.04,0.05,2025-03-05
S004,P0005,42,4,17.52,0.15,2025-03-01
S003,P0039,92,2,66.8,0.0,2025-03-02
S003,P0038,47,3,12.42,0.1,2025-03-06
S002,P0050,67,2,66.85,0.05,2025-03-02
S003,P0012,91,2,53.64,0.0,2025-03-03
S002,P0015,75,5,60.04,0.05,2025-03-01
S005,P0012,18,5,30.72,0.0,2025-03-05
S002,P0049,89,3,90.84,0.05,2025-03-01
S001,P0038,76,1,86.4,0.0,2025-03-07
S002,P0041,16,4,1348.8712868755192,0.1,2025-03-01
S002,P0045,62,2,23.36,0.1,2025-03-03
S003,P0044,52,1,65.37,0.0,2025-03-04
S002,P0012,29,1,63.72,0.05,2025-03-01
S003,P0016,41,3,25.62,0.2,2025-03-05
S002,P0003,65,1,11.95,0.0,2025-03-03
S004,P0046,34,2,13.67,0.25,2025-03-01
S002,P0022,60,5,77.55,0.0,2025-03-04
S004,P0043,77,2,89.3,0.0,2025-03-06
S005,P0040,42,2,28.63,0.25,2025-03-02
S002,P0036,36,1,65.21,0.15,2025-03-03
S004,P0033,74,2,13.26,0.0,2025-03-02
S003,P0031,45,3,25.33,0.05,2025-03-05
S005,P0045,81,2,75.4,0.05,2025-03-01
S002,P0002,26,2,79.93,0.0,2025-03-03
S005,P0023,14,3,4.62,0.0,2025-03-07
S001,P0038,84,2,26.31,0.25,2025-03-05
S003,P0035,88,2,15.76,0.25,2025-03-02
S003,P0014,59,2,74.44,0.15,2025-03-07
S002,P0031,24,2,1494.4434881133302,0.0,2025-03-03
S001,P0044,23,2,89.68,0.15,2025-03-05
S003,P0029,72,2,2.84,0.05,2025-03-06
S004,P0044,42,2,81.64,0.05,2025-03-03
S005,P0019,56,2,25.47,0.05,2025-03-06
S005,P0014,28,error,47.7,0.0,2025-03-01
S001,P0047,12,3,33.36,0.05,2025-03-05
S001,P0005,89,1,8.36,0.1,2025-03-04
S002,P0047,89,3,41.34,0.2,2025-03-06
S001,P0031,68,2,90.67,0.15,2025-03-03
S002,P0050,3,3,45.73,,2025-03-01
S005,P0040,31,2,54.58,0.0,2025-03-07
S005,P0039,70,5,5.45,0.0,2025-03-07
S005,P0032,34,5,9.09,0.05,2025-03-05
S001,P0018,1,4,34.48,0.15,2025-03-01
S003,P0044,41,2,98.66,0.05,2025-03-07
S001,P0042,65,2,7.95,0.05,2025-03-02
S005,P0028,82,3,1083.156012303798,0.2,2025-03-02
S002,P0030,28,2,58.37,0.0,2025-03-02
S002,P0023,70,3,78.72,0.1,2025-03-02
S004,P0044,16,3,85.84,0.2,2025-03-05
S002,P0026,89,3,35.69,0.05,2025-03-04
S003,P0020,37,5,4.95,0.0,2025-03-01
S005,P0040,71,3,98.04,0.15,2025-03-02
S002,P0012,2,2,78.5,0.0,2025-03-01
S004,P0009,19,3,4.96,0.05,2025-03-02
S005,P0041,85,4,29.39,0.1,2025-03-05
S005,P0034,83,2,8.14,0.2,2025-03-02
S005,P0035,99,3,74.22,0.05,2025-03-04
S005,P0049,69,3,54.28,0.05,2025-03-05
S002,P0047,48,4,57.06,0.15,2025-03-04
S003,P0040,3,3,1462.9280594694878,0.0,2025-03-03
S004,P0035,90,2,18.67,0.0,2025-03-02
S003,P0038,41,2,50.41,0.0,2025-03-02
S001,P0003,97,3,93.96,,2025-03-05
S001,P0004,93,3,26.67,0.0,2025-03-05
S005,P0025,40,4,47.81,0.0,2025-03-02
S002,P0047,99,3,97.9,0.15,2025-03-02
S003,P0039,99,3,95.13,0.15,2025-03-06
S001,P0046,56,3,47.55,0.2,2025-03-04
S003,P0011,90,1,33.51,0.05,2025-03-01
S002,P0023,92,2,18.58,0.05,2025-03-04
S003,P0044,74,3,46.46,0.05,2025-03-05
S001,P0010,70,4,74.36,0.0,2025-03-03
S004,P0030,52,1,7.43,,2025-03-07
S001,P0034,83,1,97.57,0.1,2025-03-01
S002,P0047,4,3,4.16,0.0,2025-03-01
S003,P0029,17,3,38.96,0.0,2025-03-06
S004,P0034,29,2,27.98,0.05,2025-03-02
S001,P0040,18,2,31.9,,2025-03-05
S005,P0015,8,2,91.16,0.0,2025-03-01
S001,P0015,76,4,51.65,0.05,2025-03-06
S005,P0005,20,3,66.68,0.15,2025-03-05
S002,P0038,44,1,31.99,0.05,2025-03-07
S004,P0039,79,5,7.06,0.0,2025-03-07
S002,P0039,96,4,93.11,0.15,2025-03-01
S002,P0009,32,5,53.2,0.1,2025-03-04
S002,P0049,93,4,42.02,0.0,2025-03-01
S001,P0032,2,1,92.31,0.0,2025-03-02
S003,P0044,82,2,85.21,0.0,2025-03-05
S004,P0030,37,2,13.93,0.0,2025-03-04
S004,P0040,88,3,33.23,0.0,2025-03-06
S005,P0033,76,1,85.34,0.0,2025-03-01
S001,P0008,53,3,35.35,0.0,2025-03-02
S004,P0017,65,2,64.25,0.15,2025-03-07
S005,P0023,13,3,38.22,0.0,2025-03-06
S001,P0044,85,2,37.27,0.05,2025-03-01
S005,P0034,8,2,59.05,0.0,2025-03-02
S004,P0038,70,2,72.44,0.1,2025-03-03
S003,P0012,53,3,34.76,0.05,2025-03-04
S005,P0048,83,2,96.65,0.15,2025-03-07
S002,P0027,38,5,57.38,0.05,2025-03-06
S005,P0032,16,4,41.42,0.0,2025-03-02
S002,P0032,45,3,17.79,0.1,2025-03-07
S002,P0021,13,3,65.84,0.05,2025-03-07
S002,P0031,43,3,93.17,0.0,2025-03-03
S002,P0039,86,3,26.98,0.0,2025-03-04
S001,P0038,27,1,83.18,0.0,2025-03-07
S005,P0045,21,3,93.29,0.15,2025-03-06
S005,P0041,43,2,63.9,0.0,2025-03-03
S002,P0049,39,1,90.89,0.1,2025-03-06
S001,P0037,74,4,28.03,0.0,2025-03-07
S001,P0049,33,2,29.2,0.0,2025-03-01
S003,P0046,17,4,97.12,0.2,2025-03-06
S001,P0018,4,2,21.89,0.0,2025-03-04
S001,P0040,76,2,68.97,0.1,2025-03-04
S001,P0009,23,4,58.77,0.0,2025-03-01
S005,P0036,91,2,49.31,0.15,2025-03-01
S001,P0046,15,2,33.31,0.1,2025-03-07
S002,P0049,2,2,87.34,0.15,2025-03-03
S004,P0030,96,4,77.24,0.0,2025-03-01
S002,P0026,58,3,48.15,0.05,2025-03-01
S003,P0012,4,3,75.44,0.05,2025-03-06
S002,P0018,27,4,25.05,0.05,2025-03-01
S001,P0015,74,3,34.13,0.05,2025-03-05
S004,P0033,61,5,70.27,0.05,2025-03-07
S003,P0018,30,4,38.91,0.0,2025-03-03
S002,P0040,22,3,45.44,0.2,2025-03-02
S001,P0016,65,5,33.08,0.0,2025-03-02
S003,P0021,9,2,92.74,0.0,2025-03-03
S001,P0045,88,3,4.87,0.05,2025-03-04
S005,P0020,67,3,71.35,0.05,2025-03-06
S002,P0034,33,3,62.83,,2025-03-05
S002,P0030,53,3,88.47,0.0,2025-03-02
S004,P0044,58,5,68.07,0.0,2025-03-06
S003,P0036,62,3,31.6,,2025-03-04
S005,P0043,99,5,86.97,0.15,2025-03-01
S004,P0005,88,3,44.15,0.0,2025-03-05
S003,P0032,27,2,63.27,0.15,2025-03-06
S001,P0022,59,1,94.67,0.0,2025-03-05
S002,P0036,10,2,40.39,0.05,2025-03-02
S001,P0042,35,3,25.98,0.2,2025-03-02
S005,P0029,64,3,82.34,,2025-03-02
S003,P0042,29,3,23.9,0.05,2025-03-06
S003,P0047,90,2,39.06,0.0,2025-03-06
S002,P0006,1,4,78.23,0.05,2025-03-02
S005,P0046,72,2,97.0,0.0,2025-03-05
S003,P0029,96,3,15.72,,2025-03-05
S001,P0012,87,5,73.0,,2025-03-02
S003,P0026,72,3,5.68,0.1,2025-03-03
S005,P0012,23,1,37.43,0.0,2025-03-02
S001,P0017,31,3,22.03,0.1,2025-03-02
S003,P0014,46,3,34.18,0.1,2025-03-02
S002,P0039,56,3,89.9,0.05,2025-03-02
S003,P0015,58,2,1.55,0.05,2025-03-03
S005,P0017,54,5,13.9,0.25,2025-03-07
S002,P0026,9,3,25.33,0.2,2025-03-07
S002,P0015,90,5,4.0,,2025-03-01
S001,P0045,6,2,73.84,,2025-03-05
S001,P0040,33,3,27.7,0.1,2025-03-01
S002,P0037,40,4,73.42,0.2,2025-03-01
S005,P0050,11,2,58.22,0.2,2025-03-07
S005,P0024,48,3,88.94,0.0,2025-03-06
S002,P0032,88,5,6.01,0.0,2025-03-03
S003,P0048,15,2,83.85,0.0,2025-03-01
S002,P0013,8,5,23.07,0.0,2025-03-07
S004,P0036,50,3,83.1,0.25,2025-03-01
S002,P0037,67,2,85.01,0.0,2025-03-05
S002,P0048,97,error,4.23,0.0,2025-03-02
S004,P0025,17,4,13.74,0.05,2025-03-03
S001,P0025,20,4,21.51,0.15,2025-03-06
S005,P0047,49,2,40.81,0.1,2025-03-05
S003,P0032,19,4,30.93,0.0,2025-03-02
S003,P0048,70,3,58.03,0.0,2025-03-02
S004,P0005,52,3,63.98,0.0,2025-03-05
S005,P0017,61,4,50.61,0.05,2025-03-05
S001,P0002,40,3,48.73,0.0,2025-03-04
S002,P0019,36,2,71.46,0.05,2025-03-07
S003,P0034,30,3,80.53,,2025-03-07
S001,P0024,2,2,59.81,0.1,2025-03-05
S004,P0038,60,4,1560.1293044218094,0.0,2025-03-03
S005,P0032,98,4,42.8,0.2,2025-03-06
S004,P0048,74,3,98.66,0.0,2025-03-02
S005,P0047,4,2,28.49,0.25,2025-03-01
S004,P0006,10,4,74.08,0.2,2025-03-04
S002,P0022,69,5,20.66,0.0,2025-03-02
S003,P0010,38,1,31.55,0.1,2025-03-04
S005,P0043,86,4,45.03,0.0,2025-03-05
S004,P0046,56,1,25.65,0.0,2025-03-07
S005,P0050,77,5,15.51,0.15,2025-03-02
S004,P0003,23,2,62.3,0.05,2025-03-05
S002,P0049,10,1,90.76,0.2,2025-03-07
S001,P0040,48,2,14.21,0.0,2025-03-04
S005,P0040,79,4,58.77,0.0,2025-03-05
S003,P0038,1,2,55.09,0.0,2025-03-03
S002,P0036,72,1,42.09,0.15,2025-03-06
S001,P0016,25,4,91.25,0.1,2025-03-01
S004,P0049,52,1,47.19,0.0,2025-03-01
S005,P0008,58,5,68.43,0.0,2025-03-05
S004,P0040,92,5,37.92,0.0,2025-03-04
S002,P0015,53,4,16.12,0.0,2025-03-07
S002,P0010,88,1,70.48,0.0,2025-03-01
S002,P0046,61,4,62.39,0.0,2025-03-04
S002,P0033,25,5,20.54,0.1,2025-03-02
S004,P0021,79,2,23.07,0.0,2025-03-03
S004,P0008,65,5,47.99,0.15,2025-03-01
S002,P0028,84,1,58.82,0.05,2025-03-07
S001,P0016,19,5,79.51,0.2,2025-03-04
S002,P0033,71,3,81.27,0.0,2025-03-06
S002,P0034,47,4,97.07,0.05,2025-03-03
S003,P0007,13,1,35.17,0.05,2025-03-02
S004,P0032,69,2,40.78,0.05,2025-03-05
S001,P0048,94,4,57.47,0.05,2025-03-01
S004,P0040,50,2,39.01,0.05,2025-03-03
S003,P0020,96,2,47.39,0.05,2025-03-03
S005,P0027,78,3,59.89,0.0,2025-03-01
S001,P0022,11,3,2.93,0.1,2025-03-01
S002,P0007,28,2,83.44,0.1,2025-03-07
S005,P0004,24,2,32.88,0.1,2025-03-05
S003,P0014,83,4,1912.788952321653,0.0,2025-03-06
S002,P0041,8,3,99.16,0.05,2025-03-03
S003,P0006,23,3,80.48,0.0,2025-03-01
S002,P0016,14,5,84.93,0.05,2025-03-07
S003,P0026,9,3,91.36,0.1,2025-03-01
S005,P0021,27,4,23.74,0.0,2025-03-05
S005,P0038,95,3,11.72,0.05,2025-03-01
S003,P0011,24,3,60.91,0.1,2025-03-04
S005,P0038,87,2,25.12,0.1,2025-03-02
S002,P0021,20,2,22.34,0.1,2025-03-01
S005,P0003,24,4,29.9,0.15,2025-03-01
S005,P0003,3,4,60.36,0.15,2025-03-03
S005,P0039,69,5,94.07,0.0,2025-03-07
S004,P0039,81,2,72.61,0.0,2025-03-03
S001,P0034,14,2,40.77,0.0,2025-03-03
S002,P0050,37,3,39.89,0.1,2025-03-01
S001,P0015,11,1,44.78,0.2,2025-03-01
S002,P0010,87,4,71.75,0.25,2025-03-07
S005,P0045,47,1,25.86,0.0,2025-03-03
S001,P0036,75,4,85.94,0.05,2025-03-02
S005,P0031,68,2,13.16,0.05,2025-03-03
S002,P0013,15,2,17.03,0.05,2025-03-05
S005,P0040,9,1,91.43,0.0,2025-03-03
S002,P0038,53,4,57.88,0.0,2025-03-05
S001,P0025,27,5,52.44,0.0,2025-03-04
S001,P0042,95,2,13.84,0.05,2025-03-07
S003,P0029,91,3,58.46,0.15,2025-03-07
S001,P0023,97,1,3.8,0.15,2025-03-01
S001,P0023,13,2,15.31,0.05,2025-03-05
S001,P0015,38,3,66.99,0.0,2025-03-06
S004,P0020,73,4,22.49,0.05,2025-03-06
S005,P0026,82,1,96.45,0.0,2025-03-01
S002,P0003,35,3,48.25,0.05,2025-03-05
S002,P0025,82,2,1217.326548834926,0.05,2025-03-02
S004,P0002,32,3,55.39,0.1,2025-03-04
S002,P0043,78,4,23.71,0.1,2025-03-03
S003,P0021,47,4,74.71,0.15,2025-03-07
S001,P0043,42,3,3.17,0.1,2025-03-05
S004,P0033,75,4,27.11,0.1,2025-03-05
S005,P0011,38,2,64.97,0.0,2025-03-02
S002,P0016,89,3,87.82,0.0,2025-03-07
S002,P0032,22,2,68.16,0.15,2025-03-02
S001,P0044,100,2,57.69,0.1,2025-03-07
S005,P0034,46,2,7.68,0.15,2025-03-01
S002,P0031,69,4,11.11,0.05,2025-03-05
S002,P0041,14,4,10.19,0.15,2025-03-06
S002,P0010,3,2,59.26,0.0,2025-03-05
S003,P0042,67,3,66.14,0.1,2025-03-06
S005,P0030,27,3,12.02,0.0,2025-03-05
S004,P0022,94,4,59.4,0.05,2025-03-02
S002,P0036,62,3,81.94,0.15,2025-03-02
S005,P0006,28,4,9.91,0.0,2025-03-06
S002,P0040,91,5,72.62,0.15,2025-03-04
S001,P0032,47,3,10.93,0.0,2025-03-05
S001,P0045,43,5,34.84,0.0,2025-03-04
S002,P0004,43,5,48.16,0.0,2025-03-06
S003,P0015,10,3,73.3,0.05,2025-03-02
S005,P0028,92,3,52.03,0.0,2025-03-03
S001,P0045,91,1,2.56,0.1,2025-03-03
S002,P0032,88,2,51.67,0.0,2025-03-04
S001,P0039,99,3,25.52,0.15,2025-03-05
S003,P0044,16,3,7.21,0.0,2025-03-03
S004,P0011,99,2,80.53,0.05,2025-03-03
S005,P0011,64,3,49.23,0.05,2025-03-01
S001,P0032,48,4,82.44,0.15,2025-03-01
S005,P0039,38,5,33.75,0.1,2025-03-07
S004,P0005,10,2,89.37,0.05,2025-03-07
S002,P0034,11,2,1.75,0.1,2025-03-04
S001,P0016,2,3,10.47,0.0,2025-03-01
S001,P0045,82,3,33.83,0.1,2025-03-05
S001,P0014,55,4,12.52,0.05,2025-03-07
S001,P0049,66,error,75.54,0.05,2025-03-01
S001,P0037,28,2,47.44,0.05,2025-03-03
S003,P0032,59,2,36.4,0.05,2025-03-02
S003,P0019,50,1,63.33,0.0,2025-03-03
S005,P0023,20,2,18.78,0.1,2025-03-07
S001,P0014,41,3,20.64,0.0,2025-03-02
S004,P0025,84,2,95.91,0.05,2025-03-01
S002,P0018,54,5,99.15,0.05,2025-03-03
S001,P0031,62,1,81.31,0.05,2025-03-03
S001,P0013,91,1,49.45,0.1,2025-03-05
S001,P0026,74,3,58.1,0.2,2025-03-07
S001,P0047,14,2,48.95,0.0,2025-03-05
S003,P0013,64,3,21.5,0.0,2025-03-01
S003,P0023,94,2,76.18,0.05,2025-03-05
S004,P0029,68,2,1.08,0.15,2025-03-02
S002,P0032,74,1,80.98,0.1,2025-03-05
S001,P0037,34,2,62.42,0.0,2025-03-07
S003,P0012,34,2,24.86,0.25,2025-03-02
S001,P0046,51,3,1.89,0.0,2025-03-06
S003,P0039,42,2,82.37,0.1,2025-03-03
S005,P0006,85,3,81.27,0.05,2025-03-04
S004,P0001,68,4,22.7,0.2,2025-03-03
S002,P0006,87,5,64.15,0.05,2025-03-02
S003,P0042,18,3,43.84,0.0,2025-03-01
S005,P0018,86,2,65.59,0.05,2025-03-06
S002,P0013,69,2,10.11,0.2,2025-03-03
S002,P0044,41,3,19.88,0.1,2025-03-03
S002,P0041,57,2,59.33,0.05,2025-03-02
S004,P0049,53,2,66.72,0.05,2025-03-05
S002,P0026,10,4,90.91,0.1,2025-03-05
S002,P0024,14,2,33.4,0.0,2025-03-01
S001,P0023,13,4,48.84,0.2,2025-03-04
S004,P0020,8,error,60.69,0.15,2025-03-06
S002,P0031,24,3,82.46,0.05,2025-03-05
S002,P0019,66,3,26.66,0.15,2025-03-06
S003,P0025,47,2,1646.189036023682,0.0,2025-03-02
S003,P0011,20,3,49.71,0.0,2025-03-05
S004,P0033,27,3,65.35,0.0,2025-03-02
S003,P0026,95,4,66.45,0.1,2025-03-02
S001,P0040,14,5,81.14,0.05,2025-03-05
S003,P0043,19,2,60.09,0.0,2025-03-03
S002,P0031,76,3,43.77,0.1,2025-03-06
S004,P0013,32,2,62.3,0.1,2025-03-05
S004,P0021,54,2,68.09,0.25,2025-03-01
S004,P0041,70,4,15.3,0.05,2025-03-02
S003,P0040,86,2,8.11,0.1,2025-03-07
S001,P0033,96,4,65.89,0.0,2025-03-02
S003,P0048,73,1,56.31,0.2,2025-03-04
S002,P0036,95,2,63.5,0.05,2025-03-07
S002,P0030,74,2,42.67,0.05,2025-03-03
S003,P0042,7,2,18.33,0.1,2025-03-03
S003,P0004,70,2,78.27,0.15,2025-03-03
S003,P0008,70,2,94.47,0.25,2025-03-05
S001,P0047,25,1,1.34,0.2,2025-03-07
S003,P0031,1,1,1122.1105971791014,0.05,2025-03-04
S003,P0043,27,2,42.13,0.2,2025-03-01
S002,P0031,12,4,16.29,0.2,2025-03-03
S003,P0047,23,4,97.1,0.0,2025-03-03
S005,P0033,85,1,1984.4309548932133,0.25,2025-03-04
S002,P0023,35,3,64.86,0.05,2025-03-06
S002,P0031,2,4,87.06,0.2,2025-03-03
S002,P0033,97,3,56.57,0.0,2025-03-03
S001,P0025,7,2,36.62,0.05,2025-03-01
S001,P0016,41,2,54.06,0.0,2025-03-03
S002,P0046,72,5,21.44,0.0,2025-03-02
S002,P0043,95,error,92.64,0.0,2025-03-02
S001,P0045,4,5,11.67,0.0,2025-03-04
S005,P0049,43,2,23.8,0.1,2025-03-07
S005,P0048,24,3,81.33,0.0,2025-03-03
S001,P0043,57,3,50.04,0.05,2025-03-03
S003,P0002,24,2,35.66,0.15,2025-03-04
S001,P0046,9,3,14.03,0.0,2025-03-07
S003,P0015,23,3,99.35,0.1,2025-03-05
S004,P0010,66,1,52.81,0.05,2025-03-04
S001,P0048,11,3,17.08,0.1,2025-03-07
S005,P0016,9,1,76.02,0.0,2025-03-03
S002,P0015,54,5,38.46,0.0,2025-03-07
S002,P0045,22,5,63.83,0.05,2025-03-05
S003,P0044,35,2,45.89,0.05,2025-03-04
S005,P0032,73,2,35.09,0.2,2025-03-02
S002,P0048,88,2,49.86,0.2,2025-03-05
S003,P0045,67,4,99.71,0.1,2025-03-03
S001,P0023,33,1,21.57,0.2,2025-03-06
S002,P0022,85,5,55.41,0.05,2025-03-04
S004,P0028,25,3,90.1,0.05,2025-03-05
S001,P0044,39,3,23.73,0.05,2025-03-03
S004,P0023,12,error,2.69,0.05,2025-03-01
S005,P0029,37,3,24.05,0.0,2025-03-02
S002,P0039,11,3,61.87,0.15,2025-03-07
S002,P0044,87,2,70.49,,2025-03-04
S001,P0044,15,2,51.05,0.15,2025-03-03
S005,P0024,81,2,20.4,0.05,2025-03-01
S001,P0005,66,2,40.86,0.05,2025-03-04
S003,P0043,20,1,31.69,0.05,2025-03-05
S002,P0016,89,2,54.87,0.1,2025-03-03
S005,P0032,54,3,50.93,0.0,2025-03-01
S004,P0043,55,1,8.12,0.05,2025-03-01
S002,P0029,20,3,81.47,0.0,2025-03-05
S003,P0048,18,5,34.31,0.05,2025-03-01
S005,P0029,30,3,77.1,0.1,2025-03-07
S003,P0028,46,2,69.02,0.0,2025-03-03
S003,P0029,37,2,48.38,,2025-03-05
S001,P0027,36,2,86.03,0.25,2025-03-02
S001,P0037,9,3,13.28,0.0,2025-03-06
S005,P0047,75,1,37.33,0.15,2025-03-04
S005,P0020,8,2,40.99,0.2,2025-03-07
S005,P0048,57,3,94.06,0.0,2025-03-02
S004,P0028,98,3,13.97,0.0,2025-03-05
S001,P0020,16,2,2.92,0.0,2025-03-01
S001,P0048,12,2,99.67,0.0,2025-03-06
S002,P0038,80,5,38.98,0.05,2025-03-05
S002,P0047,81,1,1.53,0.0,2025-03-03
S003,P0023,97,3,69.71,0.05,2025-03-06
S002,P0006,70,3,24.78,0.15,2025-03-02
S005,P0043,98,3,35.02,0.0,2025-03-07
S001,P0036,10,3,20.35,,2025-03-06
S001,P0049,73,3,20.85,0.1,2025-03-02
S001,P0025,48,3,3.51,0.05,2025-03-05
S002,P0009,35,2,99.32,0.05,2025-03-02
S001,P0023,20,1,50.96,0.0,2025-03-04
S002,P0023,59,3,66.3,0.05,2025-03-07
S005,P0021,88,3,29.48,0.0,2025-03-03
S005,P0019,20,1,85.38,0.0,2025-03-07
S004,P0041,66,5,47.78,0.15,2025-03-04
S001,P0028,96,2,85.94,0.2,2025-03-03
S005,P0028,34,5,30.75,0.1,2025-03-05
S001,P0037,33,1,29.64,0.0,2025-03-02
S002,P0013,75,4,32.83,0.0,2025-03-03
S001,P0004,31,3,30.7,0.1,2025-03-05
S001,P0047,66,3,31.49,0.0,2025-03-01
S003,P0036,81,2,17.82,0.0,2025-03-06
S005,P0047,13,1,5.16,0.2,2025-03-03
S003,P0030,96,4,71.28,0.1,2025-03-03
S002,P0036,82,1,15.66,0.0,2025-03-04
S002,P0023,93,3,84.94,0.25,2025-03-02
S002,P0026,5,4,16.14,0.15,2025-03-03
S001,P0010,49,3,9.79,,2025-03-01
S001,P0021,16,4,87.36,0.1,2025-03-06
S001,P0046,68,3,99.61,0.0,2025-03-03
S004,P0027,29,2,46.62,0.1,2025-03-05
S003,P0016,70,1,43.41,0.0,2025-03-03
S005,P0023,39,3,1940.8863318379151,0.1,2025-03-02
S001,P0042,25,2,76.24,0.05,2025-03-01
S001,P0026,8,4,49.36,0.0,2025-03-02
S005,P0047,21,2,88.68,0.05,2025-03-07
S003,P0037,89,3,53.18,0.05,2025-03-05
S002,P0021,1,3,14.34,0.15,2025-03-03
S003,P0016,41,2,16.09,0.0,2025-03-05
S003,P0046,93,2,26.54,0.15,2025-03-06
S001,P0004,71,4,71.48,0.15,2025-03-06
S002,P0033,48,1,9.49,0.15,2025-03-05
S004,P0015,1,3,94.07,0.15,2025-03-03
S001,P0008,2,2,32.75,0.15,2025-03-03
S003,P0023,16,3,45.46,0.05,2025-03-02
S001,P0038,20,4,36.88,0.05,2025-03-07
S004,P0013,39,3,83.98,0.05,2025-03-05
S002,P0039,98,4,55.82,0.05,2025-03-03
S003,P0018,64,3,38.94,0.05,2025-03-02
S003,P0035,20,2,32.34,0.15,2025-03-06
S002,P0041,7,2,39.5,0.15,2025-03-01
S004,P0043,61,2,65.17,0.2,2025-03-04
S001,P0014,92,5,54.14,0.05,2025-03-04
S005,P0047,84,3,75.24,0.1,2025-03-03
S003,P0027,23,2,6.56,0.05,2025-03-07
S002,P0045,11,1,64.21,0.15,2025-03-04
S001,P0015,94,3,33.97,,2025-03-06
S001,P0050,72,2,11.97,0.0,2025-03-05
S002,P0048,50,3,34.89,0.0,2025-03-07
S001,P0034,78,1,13.17,0.05,2025-03-06
S002,P0047,53,1,48.38,,2025-03-01
S005,P0023,22,5,99.37,0.0,2025-03-03
S002,P0030,43,4,89.61,0.15,2025-03-07
S003,P0035,96,3,45.86,0.0,2025-03-05
S003,P0044,19,1,97.07,0.0,2025-03-01
S005,P0032,74,2,51.23,0.0,2025-03-01
S001,P0039,73,4,2.2,0.15,2025-03-02
S003,P0009,86,5,68.19,0.05,2025-03-05
S001,P0041,60,3,8.21,0.0,2025-03-06
S003,P0020,3,3,21.9,0.0,2025-03-06
S004,P0021,51,3,36.06,0.0,2025-03-04
S002,P0038,9,4,70.54,0.05,2025-03-02
S001,P0039,9,5,65.81,0.1,2025-03-02
S004,P0050,91,2,76.53,0.05,2025-03-03
S003,P0044,59,3,14.85,0.1,2025-03-06
S005,P0038,67,3,15.89,0.0,2025-03-07
S002,P0005,29,4,62.25,0.0,2025-03-01
S003,P0019,70,2,47.39,0.2,2025-03-04
S005,P0045,24,3,18.92,0.15,2025-03-03
S005,P0036,66,3,69.8,0.0,2025-03-02
S005,P0013,18,4,91.92,0.15,2025-03-06
S001,P0030,55,1,59.15,0.05,2025-03-06
S004,P0011,74,4,99.45,0.2,2025-03-07
S003,P0037,45,2,76.31,0.2,2025-03-04
S002,P0013,35,3,93.03,0.2,2025-03-05
S001,P0047,36,3,90.84,0.1,2025-03-04
S001,P0022,2,3,31.94,0.05,2025-03-01
S003,P0035,53,3,52.58,0.05,2025-03-02
S001,P0048,17,4,98.49,0.1,2025-03-05
S003,P0006,44,2,89.72,0.15,2025-03-05
S005,P0045,37,4,39.57,0.05,2025-03-04
S002,P0030,67,2,1833.3734897228662,0.1,2025-03-02
S005,P0002,35,3,30.9,0.05,2025-03-06
S005,P0043,86,3,80.77,0.0,2025-03-04
S003,P0031,16,4,38.74,0.05,2025-03-03
S001,P0038,36,3,79.11,0.1,2025-03-06
S003,P0025,19,4,97.13,0.1,2025-03-07
S001,P0017,16,4,14.47,0.0,2025-03-03
S001,P0043,38,3,1145.4851220974085,0.1,2025-03-01
S003,P0035,24,2,32.46,0.0,2025-03-05
S004,P0047,80,2,51.65,0.05,2025-03-07
S002,P0040,83,3,34.71,0.05,2025-03-02
S005,P0017,42,1,28.04,0.0,2025-03-05
S002,P0029,65,3,80.93,0.1,2025-03-06
S001,P0043,24,3,49.73,0.1,2025-03-02
S001,P0029,63,3,14.1,0.05,2025-03-01
S005,P0004,24,3,59.01,0.0,2025-03-06
S003,P0036,44,5,37.38,0.25,2025-03-06
S001,P0031,25,4,24.83,0.2,2025-03-02
S005,P0043,61,2,14.62,0.05,2025-03-05
S003,P0042,77,2,5.74,0.0,2025-03-07
S002,P0030,42,2,92.44,0.05,2025-03-05
S003,P0049,35,5,13.18,0.05,2025-03-02
S002,P0006,2,4,31.63,0.0,2025-03-05
S002,P0004,35,3,58.63,0.0,2025-03-05
S004,P0050,75,2,85.3,0.2,2025-03-01
S002,P0036,14,3,50.58,0.0,2025-03-04
S003,P0049,4,2,46.62,0.2,2025-03-03
S005,P0019,49,4,69.58,0.0,2025-03-05
S001,P0045,91,2,89.65,0.0,2025-03-01
S002,P0027,94,2,76.72,0.1,2025-03-06
S001,P0023,16,3,15.35,0.0,2025-03-07
S001,P0042,48,4,32.78,0.05,2025-03-07
S003,P0036,76,4,28.77,0.0,2025-03-07
S004,P0031,67,2,52.77,0.05,2025-03-01
S005,P0048,14,2,40.56,,2025-03-07
S001,P0028,7,3,31.86,0.05,2025-03-01
S002,P0050,39,4,30.0,0.0,2025-03-04
S002,P0034,52,3,48.51,0.05,2025-03-06
S003,P0022,62,2,22.66,0.0,2025-03-05
S003,P0025,40,4,40.29,0.15,2025-03-01
S002,P0043,7,5,6.8,0.05,2025-03-02
S005,P0016,37,3,65.17,0.0,2025-03-02
S003,P0023,4,5,78.76,0.0,2025-03-06
S002,P0024,75,2,82.65,0.0,2025-03-06
S002,P0011,67,2,65.52,0.0,2025-03-01
S002,P0006,33,3,27.76,0.0,2025-03-04
S001,P0045,91,1,16.46,0.05,2025-03-05
S002,P0044,15,5,68.46,0.05,2025-03-06
S005,P0021,13,5,24.77,0.15,2025-03-07
S005,P0008,87,2,23.17,0.05,2025-03-06
S002,P0022,99,2,29.76,0.1,2025-03-04
S001,P0014,16,3,56.8,0.0,2025-03-07
S005,P0041,54,2,76.89,0.05,2025-03-05
S005,P0043,24,1,60.57,0.0,2025-03-05
S004,P0046,54,2,92.99,0.2,2025-03-07
S003,P0038,17,error,59.56,0.05,2025-03-01
S001,P0050,39,4,52.74,0.2,2025-03-06
S005,P0049,17,2,10.38,0.25,2025-03-03
S001,P0035,13,3,61.85,0.0,2025-03-04
S004,P0039,48,2,84.26,0.0,2025-03-07
S001,P0048,38,3,83.27,0.1,2025-03-04
S004,P0029,63,3,23.82,0.05,2025-03-04
S001,P0047,32,1,6.97,0.1,2025-03-05
S001,P0029,69,4,14.78,0.2,2025-03-06
S003,P0013,62,2,42.58,0.0,2025-03-01
S002,P0030,63,1,96.62,0.05,2025-03-07
S004,P0026,68,2,33.47,0.0,2025-03-07
S005,P0030,22,5,49.41,0.05,2025-03-02
S003,P0037,87,4,41.37,0.0,2025-03-05
S002,P0014,21,2,35.48,0.05,2025-03-03
S004,P0038,1,4,25.03,0.05,2025-03-01
S002,P0034,66,4,99.46,0.2,2025-03-05
S005,P0045,95,3,94.74,0.2,2025-03-06
S005,P0039,24,1,65.43,0.1,2025-03-04
S002,P0013,36,3,93.91,0.0,2025-03-06
S005,P0042,24,2,48.48,0.0,2025-03-06
S005,P0046,76,2,25.54,0.1,2025-03-05
S001,P0028,14,4,10.81,0.1,2025-03-04
S002,P0036,1,2,14.08,0.05,2025-03-02
S005,P0013,71,3,72.44,0.05,2025-03-06
S004,P0032,49,5,3.02,0.2,2025-03-05
S005,P0019,83,4,93.67,0.0,2025-03-03
S002,P0005,54,2,99.68,0.05,2025-03-03
S002,P0039,27,2,79.43,0.05,2025-03-04
S002,P0031,71,3,6.42,0.1,2025-03-01
S002,P0049,1,3,14.6,0.1,2025-03-07
S001,P0035,87,1,10.27,0.05,2025-03-06
S002,P0044,36,5,44.76,0.0,2025-03-01
S003,P0032,6,4,59.38,0.25,2025-03-04
S002,P0002,33,2,77.05,0.0,2025-03-02
S002,P0026,73,5,79.06,0.05,2025-03-05
S002,P0046,91,1,68.72,0.05,2025-03-02
S004,P0019,76,4,74.32,0.1,2025-03-05
S004,P0027,94,2,44.21,0.05,2025-03-04
S002,P0044,75,4,41.16,0.15,2025-03-04
S003,P0048,99,2,98.63,0.0,2025-03-02
S003,P0006,33,3,59.29,0.05,2025-03-01
S001,P0021,78,error,78.08,0.0,2025-03-03
S002,P0035,47,5,39.85,0.05,2025-03-01
S002,P0030,40,3,60.34,0.1,2025-03-07
S002,P0025,38,3,12.04,0.0,2025-03-01
S002,P0044,6,4,57.4,0.1,2025-03-01
S004,P0048,100,4,44.43,0.0,2025-03-02
S003,P0030,80,2,27.8,0.05,2025-03-01
S005,P0038,35,2,12.2,0.05,2025-03-03
S002,P0011,56,2,84.81,0.0,2025-03-04
S001,P0024,31,4,21.64,0.15,2025-03-03
S003,P0018,96,2,1654.9285243855468,0.0,2025-03-03
S005,P0040,29,3,24.58,0.0,2025-03-01
S003,P0039,28,4,69.77,0.0,2025-03-04
S005,P0046,84,4,6.09,0.1,2025-03-06
S005,P0022,20,3,38.08,0.05,2025-03-05
S004,P0023,70,2,64.46,0.0,2025-03-02
S005,P0016,52,5,1.29,0.05,2025-03-07
S001,P0049,15,2,36.09,0.15,2025-03-07
S002,P0049,21,2,22.19,0.0,2025-03-07
S002,P0038,86,2,51.28,0.15,2025-03-01
S003,P0048,9,3,85.16,0.0,2025-03-04
S004,P0007,66,1,36.82,0.1,2025-03-02
S004,P0035,55,2,28.38,0.0,2025-03-07
S002,P0036,55,2,73.56,0.05,2025-03-06
S002,P0030,23,1,99.73,0.05,2025-03-01
S005,P0043,4,2,5.8,0.05,2025-03-01
S003,P0048,88,2,25.83,0.05,2025-03-06
S001,P0010,58,3,36.62,,2025-03-03
S003,P0032,60,2,45.39,0.05,2025-03-02
S002,P0012,30,4,37.8,0.05,2025-03-07
S004,P0041,45,3,88.02,0.05,2025-03-04
S005,P0043,2,3,58.0,0.1,2025-03-02
S001,P0049,18,1,65.53,0.0,2025-03-03
S002,P0048,7,5,36.43,0.05,2025-03-02
S001,P0023,68,1,87.34,0.0,2025-03-01
S004,P0046,1,2,62.46,0.0,2025-03-07
S005,P0016,14,5,51.23,0.15,2025-03-07
S002,P0047,30,5,1.04,0.05,2025-03-01
S003,P0009,33,4,69.56,0.1,2025-03-05
S002,P0045,86,3,97.64,0.0,2025-03-06
S002,P0048,77,4,68.1,0.05,2025-03-01
S005,P0014,80,3,78.63,0.0,2025-03-02
S002,P0033,46,2,25.25,0.0,2025-03-02
S003,P0007,17,3,91.19,0.0,2025-03-03
S002,P0004,60,3,97.69,0.1,2025-03-02
S001,P0031,34,3,8.36,0.0,2025-03-05
S002,P0049,34,2,67.71,0.0,2025-03-01
S001,P0050,40,3,40.56,0.0,2025-03-03
S005,P0019,54,4,62.5,0.1,2025-03-06
S004,P0012,100,2,83.93,0.2,2025-03-02
S002,P0036,78,1,45.53,0.1,2025-03-07
S002,P0006,61,4,79.02,0.25,2025-03-01
S001,P0038,4,4,13.39,,2025-03-04
S005,P0020,89,5,3.4,0.0,2025-03-04
S004,P0047,77,3,26.68,0.1,2025-03-04
S005,P0024,90,4,95.68,0.2,2025-03-01
S001,P0013,49,2,94.61,0.05,2025-03-01
S002,P0015,64,4,78.99,0.0,2025-03-06
S002,P0010,76,3,97.15,0.05,2025-03-04
S002,P0032,78,3,63.07,0.2,2025-03-02
S001,P0027,63,2,4.76,0.0,2025-03-05
S001,P0037,55,5,26.85,0.1,2025-03-02
S003,P0044,89,2,4.72,0.0,2025-03-02
S002,P0035,74,3,23.94,0.2,2025-03-04
S002,P0028,24,5,28.37,0.2,2025-03-07
S002,P0039,32,5,94.94,0.1,2025-03-07
S002,P0045,55,3,41.74,0.0,2025-03-02
S002,P0027,33,2,74.19,0.0,2025-03-04
S002,P0030,3,1,79.33,0.0,2025-03-06
S001,P0041,63,2,27.9,0.15,2025-03-02
S001,P0049,34,4,51.05,0.05,2025-03-03
S001,P0022,75,2,15.28,0.0,2025-03-04
S001,P0044,42,4,89.39,0.05,2025-03-05
S005,P0013,20,4,30.15,0.0,2025-03-07
S001,P0009,30,2,24.93,0.05,2025-03-07
S001,P0047,42,2,22.33,0.05,2025-03-06
S005,P0035,37,3,74.08,0.1,2025-03-04
S002,P0048,3,3,36.99,0.0,2025-03-06
S004,P0015,27,3,30.9,0.05,2025-03-01
S003,P0037,54,1,47.89,0.1,2025-03-04
S002,P0040,18,2,87.27,0.0,2025-03-05
S001,P0044,76,4,74.39,0.0,2025-03-07
S004,P0032,29,1,10.49,,2025-03-07
S003,P0016,36,5,44.97,0.1,2025-03-07
S003,P0010,7,2,80.14,0.0,2025-03-07
S003,P0029,14,2,47.58,0.05,2025-03-07
S001,P0048,71,3,47.66,0.05,2025-03-07
S002,P0023,74,3,72.88,0.05,2025-03-06
S002,P0050,67,4,37.09,0.15,2025-03-05
S005,P0040,44,2,58.82,0.2,2025-03-01
S001,P0042,86,2,98.57,0.15,2025-03-06
S003,P0046,24,3,49.51,0.0,2025-03-02
S004,P0026,50,3,99.04,0.25,2025-03-04
S001,P0027,14,2,2.47,0.0,2025-03-05
S001,P0015,41,3,91.19,0.0,2025-03-04
S003,P0034,76,2,99.45,,2025-03-01
S003,P0047,1,3,7.81,0.0,2025-03-02
S001,P0021,4,3,50.68,0.15,2025-03-06
S002,P0031,8,5,42.75,0.0,2025-03-03
S002,P0044,81,4,57.22,0.0,2025-03-05
S004,P0048,32,3,57.97,0.0,2025-03-01
S005,P0002,31,1,3.5,0.1,2025-03-02
S002,P0036,30,1,91.42,0.0,2025-03-07
S002,P0025,92,error,77.68,,2025-03-04
S001,P0050,6,4,55.95,0.0,2025-03-02
S003,P0050,84,2,45.36,0.05,2025-03-07
S004,P0023,11,4,50.84,0.1,2025-03-06
S002,P0047,89,3,12.71,0.15,2025-03-07
S001,P0049,20,3,6.63,0.05,2025-03-06
S001,P0040,87,5,76.18,0.0,2025-03-06
S005,P0019,66,4,5.51,0.05,2025-03-06
S003,P0035,25,2,60.63,0.0,2025-03-06
S002,P0016,69,4,65.55,0.05,2025-03-03
S003,P0011,84,5,18.11,0.15,2025-03-06
S002,P0043,81,2,77.45,0.0,2025-03-05
S001,P0010,28,2,86.3,0.05,2025-03-05
S002,P0020,76,2,66.21,0.15,2025-03-06
S005,P0005,74,3,29.3,0.0,2025-03-06
S002,P0016,16,3,1249.861049930603,0.2,2025-03-05
S005,P0027,59,1,14.57,0.05,2025-03-03
S004,P0048,16,2,45.55,0.2,2025-03-06
S004,P0036,22,1,65.18,0.15,2025-03-05
S003,P0029,76,2,65.01,0.15,2025-03-05
S005,P0022,84,2,14.36,0.0,2025-03-05
S001,P0026,43,4,41.98,0.05,2025-03-04
S001,P0019,27,1,12.47,0.1,2025-03-07
S001,P0032,8,3,84.2,0.1,2025-03-02
S001,P0013,48,4,86.21,0.15,2025-03-06
S001,P0024,21,3,29.45,0.05,2025-03-01
S004,P0043,66,2,19.99,0.05,2025-03-06
S003,P0014,68,3,45.65,0.15,2025-03-01
S001,P0008,55,3,97.81,0.0,2025-03-04
S002,P0044,65,2,8.0,0.05,2025-03-02
S005,P0048,80,1,65.47,0.0,2025-03-06
S001,P0023,78,4,4.94,,2025-03-07
S004,P0036,57,5,7.82,0.15,2025-03-02
S002,P0011,24,2,4.76,0.2,2025-03-02
S004,P0049,14,3,44.01,0.1,2025-03-05
S005,P0045,81,3,77.91,0.05,2025-03-06
S004,P0018,65,2,64.24,0.0,2025-03-01
S004,P0034,92,3,34.73,0.05,2025-03-07
S001,P0020,28,3,17.04,0.0,2025-03-05
S004,P0050,64,4,85.39,0.2,2025-03-04
S005,P0035,77,4,88.52,0.0,2025-03-04
S005,P0011,76,2,69.79,0.0,2025-03-04
S005,P0018,59,2,59.63,0.0,2025-03-04
S001,P0003,28,3,87.48,0.1,2025-03-01
S001,P0044,2,3,49.17,0.0,2025-03-03
S001,P0037,31,4,93.56,0.05,2025-03-07
S004,P0033,24,4,3.21,0.0,2025-03-06
S002,P0011,51,1,53.95,0.0,2025-03-03
S001,P0048,76,4,68.53,0.05,2025-03-04
S001,P0039,100,2,28.52,0.1,2025-03-05
S001,P0037,74,2,70.24,0.2,2025-03-05
S004,P0047,37,4,4.0,0.15,2025-03-03
S002,P0012,49,2,44.08,0.05,2025-03-06
S004,P0044,6,3,63.26,0.15,2025-03-03
S004,P0019,14,3,24.64,0.2,2025-03-01
S003,P0044,12,3,14.51,0.1,2025-03-05
S004,P0002,100,1,62.86,0.2,2025-03-04
S002,P0019,47,3,31.38,0.25,2025-03-05
S005,P0021,85,4,25.54,0.0,2025-03-04
S001,P0032,59,5,4.49,0.1,2025-03-06
S002,P0043,93,5,25.23,0.2,2025-03-07
S002,P0041,49,3,24.33,0.0,2025-03-04
S002,P0043,63,3,69.85,0.05,2025-03-06
S002,P0004,40,3,62.5,0.05,2025-03-05
S005,P0022,66,2,60.95,,2025-03-06
S002,P0046,43,1,98.26,0.25,2025-03-05
S004,P0004,21,2,42.99,0.05,2025-03-04
S005,P0045,85,4,7.04,0.0,2025-03-03
S005,P0040,90,3,7.1,0.15,2025-03-05
S002,P0005,5,4,10.76,0.05,2025-03-01
S005,P0048,47,3,65.24,0.05,2025-03-05
S001,P0018,68,1,13.81,0.15,2025-03-03
S005,P0009,28,4,2.69,0.0,2025-03-05
S002,P0027,12,4,36.77,0.05,2025-03-05
S005,P0031,95,5,89.8,0.0,2025-03-06
S004,P0037,55,4,45.9,0.05,2025-03-06
S002,P0007,45,1,79.56,0.15,2025-03-01
S001,P0008,45,4,96.54,0.0,2025-03-03
S004,P0032,26,5,85.99,0.0,2025-03-05
S004,P0037,42,1,3.04,0.0,2025-03-06
S005,P0049,42,4,37.66,0.05,2025-03-05
S001,P0026,12,2,57.6,0.0,2025-03-06
S004,P0034,2,4,62.23,0.05,2025-03-06
S002,P0042,73,2,30.37,0.1,2025-03-02
S003,P0027,1,3,56.91,0.25,2025-03-03
S002,P0010,31,2,41.54,0.0,2025-03-06
S005,P0041,80,1,94.09,0.1,2025-03-06
S002,P0036,5,3,3.37,0.15,2025-03-03
S002,P0020,60,1,13.74,0.0,2025-03-02
S001,P0032,81,2,64.12,0.0,2025-03-01
S005,P0014,75,3,77.89,0.05,2025-03-04
S005,P0023,23,3,1719.6704666235294,0.1,2025-03-04
S003,P0025,30,5,34.69,0.05,2025-03-01
S002,P0020,35,5,4.15,0.0,2025-03-01
S005,P0044,9,2,61.25,0.0,2025-03-01
S003,P0042,72,2,43.93,0.0,2025-03-02
S005,P0030,89,2,23.35,0.05,2025-03-06
S001,P0016,27,5,99.79,0.0,2025-03-04
S001,P0026,52,4,89.27,0.05,2025-03-04
S001,P0043,5,4,42.06,0.05,2025-03-04
S002,P0044,89,3,30.92,0.0,2025-03-05
S005,P0018,93,2,88.21,0.2,2025-03-01
S002,P0019,40,4,29.92,0.15,2025-03-03
S004,P0033,91,2,85.95,0.0,2025-03-05
S005,P0027,44,3,75.45,,2025-03-07
S004,P0044,28,2,63.21,0.05,2025-03-03
S002,P0041,100,4,1915.713153986114,0.0,2025-03-07
S002,P0046,30,4,95.87,0.1,2025-03-05
S001,P0013,22,3,81.07,0.05,2025-03-02
S003,P0034,99,2,9.1,0.0,2025-03-07
S004,P0023,100,4,69.83,0.05,2025-03-06
S001,P0015,31,3,66.48,0.2,2025-03-06
S002,P0024,57,2,56.52,0.15,2025-03-02
S003,P0035,100,2,26.67,0.15,2025-03-01
S005,P0016,79,5,68.79,0.05,2025-03-03
S005,P0033,19,3,78.35,0.2,2025-03-03
S002,P0020,8,2,29.92,0.25,2025-03-07
S001,P0013,54,3,1292.5287678782784,,2025-03-01
S004,P0039,7,2,52.29,0.1,2025-03-07
S001,P0030,8,4,9.12,0.1,2025-03-07
S001,P0026,50,4,62.73,0.0,2025-03-07
S002,P0046,20,3,90.66,0.2,2025-03-06
S005,P0044,54,4,23.47,0.0,2025-03-03
S003,P0015,71,2,19.73,0.0,2025-03-01
S003,P0014,36,2,11.0,0.05,2025-03-06
S003,P0033,72,2,99.45,0.05,2025-03-02
S005,P0015,38,3,95.04,,2025-03-05
S002,P0027,53,4,93.78,0.15,2025-03-01
S003,P0049,73,4,1691.1428518831076,0.05,2025-03-06
S001,P0002,53,2,83.32,0.15,2025-03-02
S005,P0030,91,3,78.2,0.2,2025-03-07
S002,P0013,89,3,53.34,0.2,2025-03-03
S002,P0014,64,3,82.04,0.15,2025-03-05
S001,P0047,46,2,99.75,0.15,2025-03-05
S005,P0042,78,4,39.22,0.0,2025-03-05
S005,P0047,16,2,9.86,0.15,2025-03-02
S004,P0037,100,4,24.76,0.0,2025-03-06
S003,P0047,36,2,42.32,0.05,2025-03-04
S003,P0026,98,1,8.56,0.0,2025-03-06
S001,P0013,84,3,68.67,0.1,2025-03-06
S003,P0033,96,3,95.79,0.1,2025-03-05
S005,P0048,31,3,47.11,0.05,2025-03-03
S005,P0027,63,2,89.97,0.05,2025-03-01
S001,P0025,36,3,22.57,0.0,2025-03-01
S002,P0022,8,5,1288.8528453391787,0.0,2025-03-05
S002,P0050,4,3,34.03,0.0,2025-03-01
S003,P0041,83,5,58.58,0.05,2025-03-02
S003,P0049,17,3,77.94,0.1,2025-03-01
S004,P0033,32,3,18.31,0.0,2025-03-06
S004,P0032,58,3,80.12,0.0,2025-03-06
S005,P0046,30,4,1759.8718718468385,0.0,2025-03-02
S003,P0026,35,3,7.12,0.0,2025-03-07
S001,P0033,89,3,33.36,0.15,2025-03-04
S001,P0027,88,2,78.33,0.0,2025-03-04
S002,P0043,82,3,85.57,0.0,2025-03-06
S002,P0036,20,2,72.77,0.0,2025-03-04
S004,P0024,75,1,97.92,0.0,2025-03-05
S002,P0047,9,4,22.84,0.05,2025-03-05
S003,P0008,10,4,7.14,0.1,2025-03-03
S003,P0049,76,2,23.59,0.0,2025-03-05
S002,P0048,13,2,37.97,0.1,2025-03-06
S003,P0034,67,2,61.7,0.05,2025-03-06
S003,P0015,88,2,8.89,0.0,2025-03-06
S003,P0043,44,3,26.2,0.0,2025-03-02
S003,P0025,1,5,95.9,0.0,2025-03-03
S002,P0032,71,4,8.1,0.2,2025-03-03
S003,P0032,46,2,76.83,0.1,2025-03-03
S004,P0043,64,3,8.59,0.05,2025-03-06
S004,P0033,69,1,95.98,0.05,2025-03-01
S001,P0037,66,2,21.62,0.0,2025-03-06
S002,P0033,56,4,99.07,0.05,2025-03-06
S002,P0025,75,error,48.96,0.05,2025-03-07
S003,P0009,68,2,89.6,0.1,2025-03-04
S002,P0009,71,4,10.56,0.0,2025-03-04
S002,P0025,85,2,17.95,0.15,2025-03-06
S002,P0028,7,4,57.62,0.0,2025-03-05
S004,P0037,75,5,11.87,0.1,2025-03-01
S005,P0017,5,2,40.87,0.15,2025-03-01
S005,P0009,42,1,47.4,0.05,2025-03-01
S002,P0009,43,2,96.38,0.05,2025-03-03
S004,P0040,93,3,69.25,0.1,2025-03-05
S004,P0015,31,2,31.01,0.0,2025-03-07
S002,P0006,31,5,1.02,0.05,2025-03-04
S004,P0038,42,3,80.66,0.0,2025-03-03
S002,P0010,46,2,72.5,0.25,2025-03-02
S002,P0017,81,5,18.82,0.0,2025-03-02
S005,P0050,23,3,4.51,0.05,2025-03-02
S005,P0016,54,5,84.37,0.0,2025-03-07
S002,P0045,34,1,42.51,0.0,2025-03-03
S004,P0017,75,2,70.12,0.0,2025-03-05
S003,P0036,50,2,8.89,0.2,2025-03-01
S004,P0020,94,4,38.3,0.05,2025-03-05
S002,P0031,29,3,22.38,0.0,2025-03-06
S002,P0024,11,3,42.93,0.05,2025-03-07
S003,P0027,48,4,3.32,0.2,2025-03-02
S002,P0035,48,4,89.59,0.05,2025-03-06
S001,P0043,8,2,52.63,0.05,2025-03-04
S005,P0049,75,2,97.83,0.0,2025-03-01
S002,P0025,63,1,49.36,0.0,2025-03-05
S001,P0048,29,4,4.27,0.0,2025-03-02
S001,P0018,27,4,13.58,0.05,2025-03-04
S005,P0044,13,3,99.51,0.0,2025-03-03
S005,P0033,91,2,7.52,0.0,2025-03-05
S005,P0036,78,3,66.21,0.1,2025-03-02
S003,P0032,17,4,54.44,0.1,2025-03-02
S005,P0050,86,2,63.78,0.1,2025-03-05
S005,P0031,6,3,72.66,0.0,2025-03-02
S001,P0050,8,3,85.28,0.0,2025-03-02
S004,P0042,12,4,98.81,0.0,2025-03-03
S002,P0026,14,2,38.11,0.05,2025-03-01
S003,P0045,55,4,7.67,0.1,2025-03-03
S002,P0045,67,2,9.42,0.05,2025-03-03
S002,P0036,3,1,8.24,0.05,2025-03-03
S002,P0034,42,3,92.01,0.2,2025-03-05
S001,P0017,100,3,64.74,0.1,2025-03-05
S005,P0005,7,5,3.19,0.0,2025-03-07
S003,P0010,15,3,23.93,0.05,2025-03-05
S005,P0020,11,3,77.19,0.15,2025-03-01
S002,P0038,73,5,88.08,,2025-03-01
S003,P0042,55,2,30.89,0.0,2025-03-02
S004,P0022,20,3,2.05,0.0,2025-03-05
S002,P0021,98,4,47.45,0.05,2025-03-05
S001,P0048,68,4,40.83,0.05,2025-03-04
S005,P0050,59,3,51.1,0.0,2025-03-06
S002,P0024,3,3,39.31,0.15,2025-03-04
S002,P0027,26,1,52.13,0.25,2025-03-04
S003,P0005,19,1,69.4,0.0,2025-03-06
S001,P0025,83,4,20.45,0.15,2025-03-01
S005,P0006,17,5,14.48,0.0,2025-03-03
S003,P0041,9,4,18.34,0.0,2025-03-03
S001,P0010,30,2,21.33,,2025-03-03
S002,P0014,78,3,76.8,0.0,2025-03-03
S001,P0049,15,3,11.45,0.05,2025-03-07
S001,P0007,53,3,91.24,0.2,2025-03-05
S001,P0028,7,4,92.32,0.0,2025-03-07
S005,P0033,34,4,7.59,0.05,2025-03-06
S002,P0027,15,1,79.31,0.0,2025-03-03
S003,P0047,35,2,53.42,0.0,2025-03-06
S001,P0039,31,3,87.74,0.05,2025-03-02
S001,P0046,94,error,98.11,0.0,2025-03-02
S002,P0005,65,4,65.03,0.1,2025-03-02
S001,P0024,46,2,61.45,0.15,2025-03-07
S004,P0031,25,3,67.92,0.05,2025-03-07
S002,P0049,55,2,75.19,0.1,2025-03-05
S001,P0018,47,3,40.91,0.1,2025-03-01
S003,P0045,75,4,38.89,,2025-03-04
S001,P0017,2,5,97.63,0.0,2025-03-06
S001,P0039,66,5,58.88,0.0,2025-03-05
S005,P0045,77,2,22.8,0.15,2025-03-07
S002,P0040,63,4,82.76,0.05,2025-03-05
S001,P0028,57,3,5.49,0.0,2025-03-05
S001,P0017,60,3,80.09,0.05,2025-03-07
S001,P0018,96,3,89.46,0.05,2025-03-05
S005,P0043,53,2,49.22,0.1,2025-03-06
S003,P0047,20,4,53.57,0.15,2025-03-02
S001,P0033,2,5,7.14,0.1,2025-03-04
S001,P0032,57,5,50.52,0.0,2025-03-01
S005,P0041,7,3,90.87,0.15,2025-03-05
S001,P0043,22,3,93.25,0.1,2025-03-07
S002,P0012,2,2,24.56,0.05,2025-03-01
S004,P0019,26,4,66.88,0.05,2025-03-01
S002,P0031,54,1,60.18,0.0,2025-03-01
S001,P0040,70,1,25.87,0.0,2025-03-04
S002,P0043,89,2,97.03,0.2,2025-03-02
S002,P0021,48,1,9.35,0.05,2025-03-04
S001,P0045,22,5,76.42,0.1,2025-03-02
S002,P0023,39,3,70.77,0.05,2025-03-02
S003,P0041,1,4,1945.4418141372087,0.1,2025-03-07
S005,P0030,59,2,48.35,0.1,2025-03-07
S001,P0019,89,4,22.93,0.05,2025-03-01
S002,P0008,66,5,67.47,0.05,2025-03-04
S002,P0017,58,3,56.65,0.0,2025-03-05
S002,P0022,97,3,83.33,0.05,2025-03-03
S004,P0043,75,3,12.17,0.0,2025-03-05
S001,P0047,32,2,92.69,0.2,2025-03-07
S003,P0004,99,4,5.74,0.05,2025-03-05
S003,P0025,59,3,98.48,0.0,2025-03-02
S002,P0025,35,4,99.37,0.2,2025-03-03
S003,P0033,34,2,15.0,0.0,2025-03-02
S004,P0033,65,1,9.72,0.25,2025-03-04
S005,P0050,32,5,12.45,0.0,2025-03-03
S001,P0036,14,3,82.07,0.1,2025-03-04
S003,P0045,36,1,44.04,0.1,2025-03-02
S005,P0039,29,4,69.74,0.0,2025-03-03
S004,P0046,82,2,1158.4059687877361,0.05,2025-03-04
S004,P0035,42,2,86.86,0.15,2025-03-03
S001,P0044,74,3,1621.994924413581,0.0,2025-03-02
S001,P0001,64,5,97.8,0.0,2025-03-06
S001,P0011,74,4,75.45,0.15,2025-03-05
S003,P0017,64,2,95.55,0.15,2025-03-04
S004,P0045,24,3,79.06,,2025-03-07
S001,P0038,67,2,15.45,0.2,2025-03-06
S002,P0006,38,2,51.61,0.05,2025-03-03
S002,P0007,67,1,79.87,0.1,2025-03-06
S004,P0024,49,2,93.35,0.25,2025-03-06
S003,P0045,58,3,75.12,0.0,2025-03-02
S003,P0033,4,3,3.44,0.1,2025-03-03
S002,P0037,32,4,12.78,0.0,2025-03-03
S002,P0020,24,4,51.2,0.15,2025-03-02
S003,P0037,78,2,18.27,0.0,2025-03-06
S001,P0001,84,error,51.41,0.15,2025-03-02
S002,P0004,87,2,73.78,0.05,2025-03-07
S003,P0033,74,2,32.41,0.0,2025-03-02
S004,P0022,55,4,13.7,0.05,2025-03-02
S001,P0032,78,2,20.54,0.0,2025-03-06
S005,P0047,95,3,81.13,0.0,2025-03-04
S001,P0042,86,4,84.51,0.0,2025-03-01
S002,P0045,15,4,82.83,0.1,2025-03-06
S005,P0027,21,4,8.29,0.0,2025-03-07
S004,P0020,66,2,78.38,0.1,2025-03-03
S001,P0047,62,4,29.56,0.05,2025-03-04
S002,P0028,78,1,99.03,0.05,2025-03-07
S004,P0043,68,3,53.71,0.0,2025-03-07
S005,P0022,59,2,74.87,0.0,2025-03-05
S001,P0044,99,3,73.31,0.1,2025-03-06
S002,P0041,6,1,97.48,0.1,2025-03-01
S002,P0026,92,3,29.55,0.0,2025-03-06
S004,P0035,36,4,40.04,0.2,2025-03-01
S003,P0044,11,5,6.51,0.05,2025-03-03
S003,P0049,30,2,41.43,0.05,2025-03-05
S002,P0021,4,4,55.42,0.1,2025-03-04
S004,P0023,36,5,41.69,0.05,2025-03-06
S003,P0040,68,3,4.91,0.0,2025-03-04
S003,P0007,84,2,58.24,0.05,2025-03-07
S003,P0003,1,2,57.92,0.2,2025-03-06
S002,P0033,11,4,1360.2418740303256,0.2,2025-03-04
S004,P0037,14,2,57.78,0.1,2025-03-05
S005,P0019,66,3,84.66,0.05,2025-03-02
S003,P0030,30,2,55.01,0.2,2025-03-01
S002,P0048,73,4,28.75,0.0,2025-03-07
S002,P0044,66,3,15.59,0.05,2025-03-07
S003,P0016,89,2,89.85,0.0,2025-03-06
S005,P0029,11,5,1274.7612797402371,0.05,2025-03-04
S002,P0024,21,3,72.8,0.0,2025-03-07
S004,P0036,29,3,1.44,,2025-03-03
S002,P0050,11,2,95.89,0.05,2025-03-02
S003,P0047,19,3,18.26,0.15,2025-03-01
S004,P0039,81,1,6.32,0.1,2025-03-01
S005,P0045,44,3,6.32,0.0,2025-03-01
S005,P0038,74,2,47.3,0.25,2025-03-04
S005,P0034,86,1,78.11,0.0,2025-03-06
S001,P0010,75,4,45.19,0.1,2025-03-03
S003,P0025,22,3,74.75,0.05,2025-03-04
S001,P0041,37,3,46.52,0.0,2025-03-02
S005,P0030,26,4,50.39,0.0,2025-03-02
S002,P0022,9,5,6.28,0.1,2025-03-01
S005,P0038,92,3,33.96,0.15,2025-03-01
S002,P0048,31,4,3.03,0.1,2025-03-04
S002,P0043,80,1,5.69,0.0,2025-03-07
S002,P0015,67,5,39.74,0.05,2025-03-02
S001,P0034,97,4,26.93,0.2,2025-03-05
S003,P0040,37,3,87.87,0.05,2025-03-01
S002,P0042,30,5,86.19,0.0,2025-03-05
S003,P0043,52,1,7.25,0.05,2025-03-04
S001,P0043,98,1,62.57,0.15,2025-03-04
S001,P0018,35,4,94.61,0.0,2025-03-01
S001,P0042,34,4,10.93,0.25,2025-03-04
S004,P0049,83,2,99.57,0.05,2025-03-05
S002,P0047,85,4,18.36,0.0,2025-03-02
S003,P0021,82,3,55.76,0.2,2025-03-02
S001,P0047,6,3,64.04,0.1,2025-03-07
S001,P0029,30,3,72.45,0.15,2025-03-07
S001,P0033,51,3,12.18,0.05,2025-03-04
S003,P0048,79,3,48.96,0.0,2025-03-06
S003,P0043,3,3,80.63,0.0,2025-03-07
S001,P0045,59,5,28.34,0.05,2025-03-03
S002,P0043,97,3,82.13,0.1,2025-03-01
S005,P0020,84,4,83.28,0.0,2025-03-01
S004,P0021,30,2,3.89,0.0,2025-03-06
S002,P0003,23,1,68.99,0.1,2025-03-01
S001,P0006,38,4,15.08,0.0,2025-03-06
S005,P0049,32,3,85.47,0.15,2025-03-05
S004,P0040,91,3,33.72,0.05,2025-03-05
S001,P0028,40,2,23.8,,2025-03-02
S005,P0001,68,4,99.5,0.0,2025-03-05
S002,P0040,100,2,21.22,0.05,2025-03-04
S002,P0040,49,2,8.82,0.0,2025-03-06
S003,P0044,86,2,44.74,0.1,2025-03-02
S003,P0008,6,5,41.93,0.05,2025-03-01
S003,P0021,63,4,42.32,0.05,2025-03-02
S004,P0039,14,2,99.05,0.0,2025-03-05
S002,P0017,79,4,10.01,0.0,2025-03-04
S004,P0050,46,3,31.35,,2025-03-07
S004,P0001,86,2,9.37,0.0,2025-03-03
S005,P0027,44,1,98.59,0.0,2025-03-03
S004,P0046,95,3,28.05,0.0,2025-03-06
S001,P0047,89,4,36.86,0.0,2025-03-01
S002,P0037,26,2,87.85,0.05,2025-03-01
S002,P0035,65,3,9.64,0.05,2025-03-05
S003,P0005,19,2,13.03,0.05,2025-03-06
S002,P0020,100,3,36.92,0.1,2025-03-04
S001,P0049,32,4,62.12,0.1,2025-03-02
S004,P0038,32,4,99.0,0.05,2025-03-04
S001,P0046,81,2,41.9,0.1,2025-03-06
S001,P0050,88,4,21.76,0.05,2025-03-01
S005,P0027,81,4,98.83,0.0,2025-03-01
S004,P0008,15,1,96.17,0.0,2025-03-02
S005,P0045,82,2,55.61,0.0,2025-03-04
S004,P0049,65,5,57.42,0.0,2025-03-02
S003,P0008,86,2,2.16,0.15,2025-03-05
S003,P0029,43,3,1.98,0.1,2025-03-04
S003,P0039,6,5,64.6,0.25,2025-03-01
S002,P0039,62,3,9.36,0.2,2025-03-01
S001,P0026,2,2,71.84,0.05,2025-03-01
S004,P0030,73,2,39.58,0.05,2025-03-07
S002,P0021,58,4,28.63,0.25,2025-03-04
S002,P0023,86,4,62.47,0.05,2025-03-07
S001,P0004,48,4,95.4,0.25,2025-03-06
S001,P0005,61,4,4.05,0.2,2025-03-01
S004,P0037,54,4,61.71,0.0,2025-03-06
S001,P0022,81,2,46.35,0.1,2025-03-03
S002,P0014,83,4,55.29,0.15,2025-03-02
S005,P0004,17,3,43.64,0.0,2025-03-02
S001,P0024,3,2,82.3,0.0,2025-03-02
S005,P0009,4,4,31.52,0.05,2025-03-01
S001,P0004,57,2,12.05,0.0,2025-03-06
S001,P0038,41,4,69.04,0.1,2025-03-07
S003,P0045,75,4,21.21,0.0,2025-03-06
S005,P0031,12,5,11.55,0.0,2025-03-01
S002,P0031,1,5,55.2,,2025-03-01
S005,P0050,97,4,95.01,0.1,2025-03-06
S002,P0028,27,2,76.18,0.0,2025-03-04
S001,P0048,5,2,25.51,0.0,2025-03-04
S005,P0029,88,2,40.83,0.2,2025-03-07
S004,P0034,14,2,97.83,0.05,2025-03-03
S003,P0034,79,4,12.09,0.15,2025-03-01
S005,P0015,8,3,13.85,0.05,2025-03-01
S005,P0045,90,3,41.85,0.0,2025-03-01
S005,P0050,48,2,53.89,0.05,2025-03-07
S001,P0030,37,4,94.93,0.0,2025-03-06
S004,P0020,52,3,1308.9759307537643,0.05,2025-03-07
S004,P0028,74,4,46.26,0.0,2025-03-06
S004,P0049,72,3,75.68,0.2,2025-03-07
S005,P0007,96,error,63.76,0.0,2025-03-03
S005,P0044,22,2,60.2,0.0,2025-03-01
S002,P0050,78,1,89.68,0.05,2025-03-01
S005,P0037,24,5,23.04,0.0,2025-03-02
S005,P0007,80,1,61.94,0.15,2025-03-03
S003,P0045,14,3,82.55,0.05,2025-03-02
S002,P0022,76,2,80.75,0.0,2025-03-02
S005,P0037,58,3,12.3,0.0,2025-03-04
S004,P0031,92,3,96.86,0.05,2025-03-06
S002,P0031,74,3,77.99,0.05,2025-03-07
S002,P0042,86,2,31.37,0.0,2025-03-03
S005,P0049,10,4,73.11,0.05,2025-03-06
S004,P0009,53,2,16.44,0.05,2025-03-04
S005,P0045,55,2,45.82,0.05,2025-03-07
S001,P0033,77,2,92.78,0.0,2025-03-04
S003,P0044,84,3,89.79,0.0,2025-03-01
S002,P0046,81,3,58.54,0.2,2025-03-02
S001,P0032,77,4,91.55,0.05,2025-03-06
S002,P0045,52,2,14.54,0.1,2025-03-07
S002,P0022,34,3,25.54,0.1,2025-03-07
S002,P0045,93,4,91.0,0.0,2025-03-03
S004,P0017,54,2,68.29,0.0,2025-03-07
S005,P0008,44,2,19.25,0.0,2025-03-05
S005,P0005,53,4,80.48,0.0,2025-03-05
S005,P0044,58,3,69.17,,2025-03-05
S002,P0008,80,1,36.59,0.2,2025-03-01
S002,P0008,96,3,78.55,0.0,2025-03-06
S002,P0015,77,2,89.55,0.1,2025-03-05
S001,P0032,24,4,22.19,0.0,2025-03-04
S003,P0046,62,2,82.7,0.0,2025-03-01
S005,P0034,7,3,33.07,0.05,2025-03-01
S005,P0050,5,3,26.62,0.1,2025-03-02
S001,P0048,29,3,75.94,0.15,2025-03-03
S005,P0048,45,2,39.42,0.1,2025-03-04
S001,P0019,9,3,99.22,0.0,2025-03-07
S001,P0016,67,3,12.67,0.0,2025-03-06
S005,P0027,34,3,56.17,0.0,2025-03-07
S004,P0036,76,1,34.76,0.0,2025-03-05
S005,P0044,63,1,82.71,0.05,2025-03-05
S005,P0024,30,4,76.4,0.0,2025-03-05
S004,P0023,82,2,6.5,0.15,2025-03-02
S001,P0010,63,4,28.38,0.0,2025-03-04
S001,P0032,75,3,60.05,0.15,2025-03-03
S001,P0042,83,1,92.47,0.15,2025-03-07
S002,P0024,1,3,12.45,0.05,2025-03-05
S001,P0037,44,3,9.84,0.2,2025-03-05
S001,P0017,37,3,54.71,0.05,2025-03-04
S004,P0043,73,3,10.09,0.1,2025-03-01
S001,P0033,59,1,82.62,0.0,2025-03-07
S002,P0046,51,2,37.42,0.05,2025-03-07
S002,P0035,61,3,63.8,0.05,2025-03-02
S003,P0049,28,4,12.14,0.0,2025-03-07
S004,P0029,80,2,31.98,0.0,2025-03-02
S001,P0033,36,4,49.65,0.05,2025-03-04
S002,P0035,2,4,31.24,0.15,2025-03-04
S003,P0012,34,3,64.18,0.0,2025-03-07
S001,P0010,92,3,30.05,0.0,2025-03-03
S001,P0048,33,2,84.0,0.15,2025-03-06
S001,P0030,7,3,98.35,0.2,2025-03-01
S002,P0049,74,3,20.89,0.0,2025-03-03
S002,P0014,19,3,41.32,0.0,2025-03-04
S005,P0045,1,5,6.06,0.1,2025-03-05
S002,P0044,17,3,43.11,0.1,2025-03-04
S001,P0038,88,3,59.56,0.05,2025-03-04
S002,P0016,53,3,99.13,0.0,2025-03-04
S004,P0043,53,2,36.85,0.2,2025-03-05
S005,P0040,83,3,92.89,0.1,2025-03-03
S002,P0037,16,2,57.5,0.0,2025-03-06
S004,P0025,64,3,19.9,0.05,2025-03-05
S002,P0049,99,3,20.04,0.1,2025-03-03
S002,P0048,87,3,87.49,0.0,2025-03-07
S004,P0050,54,4,3.4,0.05,2025-03-04
S005,P0036,91,4,83.27,0.05,2025-03-05
S003,P0015,82,3,76.89,0.05,2025-03-06
S002,P0024,63,4,60.58,0.0,2025-03-03
S003,P0033,53,4,36.44,0.15,2025-03-06
S002,P0047,62,2,25.06,0.0,2025-03-01
S001,P0049,94,2,45.4,0.1,2025-03-02
S002,P0040,25,3,87.28,0.0,2025-03-01
S005,P0005,4,4,61.24,0.2,2025-03-07
S003,P0040,90,4,28.79,0.15,2025-03-04
S005,P0031,89,4,82.64,0.05,2025-03-07
S005,P0044,21,4,32.21,0.0,2025-03-07
S001,P0047,33,3,3.7,0.1,2025-03-04
S001,P0022,97,2,89.69,0.05,2025-03-02
S001,P0043,85,4,27.99,0.0,2025-03-05
S005,P0001,35,2,24.87,0.0,2025-03-01
S002,P0038,52,3,84.18,0.0,2025-03-07
S003,P0049,89,2,91.0,0.0,2025-03-04
S005,P0014,55,1,77.29,0.0,2025-03-06
S002,P0042,33,3,46.33,0.05,2025-03-06
S003,P0036,18,1,38.58,0.05,2025-03-05
S003,P0026,83,2,15.88,0.05,2025-03-03
S004,P0039,91,5,94.9,0.15,2025-03-03
S001,P0025,50,2,69.68,0.2,2025-03-01
S004,P0002,94,3,61.51,0.0,2025-03-06
S005,P0026,49,4,76.99,0.0,2025-03-04
S004,P0034,98,2,57.22,0.0,2025-03-06
S005,P0050,5,5,17.5,0.2,2025-03-06
S005,P0016,60,2,50.0,0.25,2025-03-04
S004,P0048,50,2,74.02,0.05,2025-03-03
S004,P0004,92,3,42.24,0.05,2025-03-03
S003,P0016,72,4,33.28,0.25,2025-03-05
S004,P0028,38,5,49.67,0.05,2025-03-04
S001,P0038,18,4,30.17,0.05,2025-03-02
S005,P0006,77,2,43.08,0.15,2025-03-05
S001,P0049,24,3,83.63,0.0,2025-03-05
S005,P0012,100,3,86.32,0.0,2025-03-06
S002,P0045,65,3,90.65,0.2,2025-03-01
S002,P0020,30,4,66.16,0.0,2025-03-06
S002,P0049,20,5,2.56,0.05,2025-03-03
S002,P0049,73,2,94.64,0.1,2025-03-05
S005,P0010,26,4,43.85,0.1,2025-03-06
S005,P0020,4,4,86.32,0.0,2025-03-04
S001,P0048,88,3,75.69,0.25,2025-03-05
S005,P0014,75,4,60.19,0.05,2025-03-06
S001,P0043,75,2,14.47,0.2,2025-03-05
S002,P0041,13,2,72.14,0.1,2025-03-07
S001,P0027,76,4,32.6,0.15,2025-03-02
S005,P0011,45,3,18.46,0.0,2025-03-06
S003,P0021,15,1,65.47,0.1,2025-03-02
S003,P0033,81,3,18.75,0.2,2025-03-05
S001,P0012,99,3,8.62,0.0,2025-03-03
S001,P0007,14,3,1815.4170711833294,0.05,2025-03-07
S002,P0022,72,2,1.17,0.0,2025-03-02
S002,P0049,3,5,59.22,0.0,2025-03-02
S004,P0022,63,2,91.72,0.0,2025-03-06
S004,P0044,99,1,94.08,0.0,2025-03-01
S001,P0031,80,4,78.33,0.0,2025-03-01
S002,P0034,44,5,93.5,0.0,2025-03-06
S002,P0029,92,2,6.07,0.2,2025-03-04
S003,P0032,32,4,68.75,0.2,2025-03-02
S001,P0030,55,2,11.4,0.1,2025-03-01
S002,P0015,11,5,26.18,0.0,2025-03-05
S003,P0031,87,5,72.24,0.0,2025-03-07
S003,P0048,96,3,48.28,0.1,2025-03-01
S002,P0015,17,3,41.25,0.15,2025-03-02
S003,P0024,74,4,72.22,0.0,2025-03-03
S002,P0017,82,3,59.86,0.0,2025-03-02
S004,P0028,22,5,45.4,0.0,2025-03-06
S001,P0016,22,4,25.51,0.15,2025-03-06
S002,P0016,49,5,72.32,0.05,2025-03-04
S005,P0033,61,2,70.36,0.15,2025-03-02
S001,P0011,64,3,76.77,0.05,2025-03-03
S001,P0035,27,4,27.55,0.0,2025-03-01
S004,P0031,69,5,17.59,0.15,2025-03-02
S005,P0040,65,1,65.59,0.0,2025-03-03
S002,P0044,56,3,11.52,0.05,2025-03-03
S004,P0004,42,2,53.01,0.0,2025-03-05
S005,P0034,18,2,78.24,0.1,2025-03-06
S005,P0013,28,3,95.07,0.1,2025-03-05
S003,P0038,51,2,67.83,0.0,2025-03-07
S005,P0037,78,3,67.26,0.05,2025-03-07
S005,P0042,4,5,10.77,0.05,2025-03-05
S003,P0031,89,4,44.52,0.05,2025-03-04
S005,P0050,5,3,95.71,,2025-03-02
S001,P0039,7,2,93.43,0.05,2025-03-07
S005,P0043,93,3,94.42,0.1,2025-03-03
S004,P0025,53,3,87.95,0.1,2025-03-03
S001,P0038,50,error,69.9,0.2,2025-03-01
S002,P0042,76,3,54.33,0.0,2025-03-06
S005,P0018,34,3,93.84,0.0,2025-03-07
S001,P0044,13,5,71.17,,2025-03-06
S001,P0049,17,4,42.93,0.05,2025-03-06
S001,P0013,16,4,22.3,0.05,2025-03-02
S002,P0046,65,3,69.28,,2025-03-04
S001,P0035,99,2,44.61,0.05,2025-03-07
S002,P0010,56,1,44.89,0.05,2025-03-07
S004,P0027,31,2,44.73,0.1,2025-03-07
S002,P0033,69,1,62.38,,2025-03-07
S004,P0036,88,3,36.68,0.0,2025-03-01
S005,P0018,98,3,43.07,0.15,2025-03-06
S004,P0045,47,4,58.39,0.0,2025-03-01
S005,P0008,12,3,77.99,0.0,2025-03-07
S003,P0005,11,2,22.7,0.15,2025-03-07
S004,P0002,67,3,97.63,0.15,2025-03-01
S003,P0027,7,2,98.6,0.05,2025-03-03
S003,P0050,99,4,48.1,0.2,2025-03-06
S003,P0017,85,4,53.25,0.1,2025-03-01
S002,P0037,93,2,85.64,0.0,2025-03-07
S002,P0040,47,3,99.13,0.0,2025-03-03
S005,P0019,45,2,69.0,0.05,2025-03-04
S001,P0013,91,4,2.93,0.1,2025-03-07
S001,P0041,35,5,40.69,0.05,2025-03-06
S004,P0050,18,4,88.17,0.1,2025-03-07
S002,P0049,11,5,74.19,0.0,2025-03-06
S002,P0003,65,4,51.31,0.2,2025-03-07
S005,P0033,89,1,65.08,0.0,2025-03-01
S005,P0036,100,2,31.0,0.1,2025-03-05
S005,P0030,83,3,1464.371632519893,0.0,2025-03-07
S001,P0008,78,4,96.39,0.25,2025-03-02
S004,P0002,14,3,5.37,0.0,2025-03-04
S002,P0022,88,4,60.09,0.0,2025-03-04
S002,P0013,44,3,61.92,0.15,2025-03-01
S004,P0008,96,3,48.89,0.05,2025-03-07
S002,P0004,94,2,25.19,0.05,2025-03-01
S002,P0050,68,2,98.55,0.05,2025-03-04
S002,P0025,3,2,92.36,0.1,2025-03-06
S003,P0040,35,1,36.98,0.05,2025-03-01
S004,P0034,53,3,32.28,0.1,2025-03-01
S003,P0008,51,3,5.66,0.0,2025-03-04
S002,P0050,61,2,65.48,0.05,2025-03-06
S005,P0045,27,2,89.38,0.05,2025-03-04
S005,P0003,34,3,1124.91457078012,0.0,2025-03-03
S005,P0044,45,3,69.85,0.0,2025-03-07
S003,P0026,31,2,93.69,0.1,2025-03-06
S001,P0041,74,1,40.86,0.0,2025-03-05
S003,P0026,7,2,29.42,0.25,2025-03-05
S004,P0042,19,5,9.83,0.0,2025-03-05
S001,P0014,55,4,63.68,0.0,2025-03-05
S003,P0044,51,1,17.32,0.05,2025-03-01
S005,P0013,92,4,37.85,0.0,2025-03-07
S002,P0045,96,2,63.18,0.0,2025-03-01
S001,P0013,2,3,41.37,0.0,2025-03-01
S001,P0045,33,2,92.62,0.0,2025-03-07
S002,P0032,57,3,6.89,0.0,2025-03-04
S001,P0038,73,2,20.45,0.0,2025-03-02
S001,P0045,78,error,65.11,0.05,2025-03-02
S005,P0011,81,2,84.67,0.15,2025-03-04
S004,P0013,42,2,96.85,0.0,2025-03-07
S002,P0028,68,2,73.01,0.1,2025-03-06
S001,P0043,16,2,52.37,0.0,2025-03-03
S004,P0022,49,3,92.55,0.0,2025-03-04
S003,P0042,29,1,78.26,0.2,2025-03-07
S002,P0025,93,2,88.94,0.05,2025-03-07
S005,P0022,22,4,30.86,0.2,2025-03-02
S004,P0042,69,1,87.92,0.0,2025-03-06
S001,P0037,7,1,30.44,0.15,2025-03-03
S002,P0037,80,1,66.75,0.15,2025-03-01
S003,P0048,91,2,44.4,0.0,2025-03-07
S005,P0005,26,2,20.63,0.15,2025-03-05
S002,P0032,57,4,54.28,0.05,2025-03-07
S002,P0003,20,1,1100.3812014616212,0.0,2025-03-05
S004,P0032,23,2,47.38,0.05,2025-03-06
S002,P0050,28,3,13.28,0.05,2025-03-01
S002,P0018,65,2,87.67,0.0,2025-03-05
S004,P0048,31,3,80.38,0.0,2025-03-01
S005,P0027,62,3,24.38,0.0,2025-03-07
S002,P0010,5,2,34.29,0.15,2025-03-06
S002,P0009,88,2,98.65,0.0,2025-03-05
S002,P0031,5,4,16.07,0.1,2025-03-04
S001,P0010,94,3,59.6,0.0,2025-03-07
S002,P0048,32,4,50.21,,2025-03-03
S001,P0044,97,2,86.75,0.1,2025-03-04
S003,P0021,62,1,53.56,,2025-03-04
S004,P0029,92,1,37.31,0.1,2025-03-07
S001,P0022,86,3,21.79,0.0,2025-03-01
S003,P0034,87,4,7.62,0.0,2025-03-07
S002,P0014,9,4,67.46,0.0,2025-03-02
S002,P0024,29,2,12.1,0.0,2025-03-02
S001,P0017,69,2,76.99,0.05,2025-03-03
S002,P0044,57,4,97.4,0.05,2025-03-04
S004,P0003,98,5,8.62,0.1,2025-03-01
S005,P0021,2,3,64.28,0.0,2025-03-07
S003,P0010,63,2,95.43,0.1,2025-03-01
S001,P0040,25,5,15.03,0.05,2025-03-07
S001,P0015,50,2,96.87,0.1,2025-03-03
S005,P0033,37,5,4.26,0.0,2025-03-01
S004,P0037,69,5,16.72,0.1,2025-03-07
S003,P0032,18,5,2.18,0.05,2025-03-04
S005,P0005,34,3,77.7,0.1,2025-03-07
S005,P0037,26,3,88.71,,2025-03-06
S004,P0049,97,3,66.69,0.15,2025-03-04
S004,P0023,10,2,35.2,0.05,2025-03-01
S001,P0021,40,2,34.31,0.05,2025-03-03
S002,P0018,1,2,51.99,0.2,2025-03-06
S004,P0026,85,5,39.42,0.0,2025-03-03
S005,P0011,42,5,22.49,0.15,2025-03-06
S003,P0011,35,5,1586.0666735920172,0.05,2025-03-07
S002,P0042,98,3,67.51,0.0,2025-03-06
S003,P0008,64,2,31.13,0.0,2025-03-05
S002,P0025,3,2,19.31,0.05,2025-03-03
S001,P0039,19,5,68.19,0.0,2025-03-06
S003,P0019,64,5,16.55,0.05,2025-03-02
S002,P0012,85,3,36.82,0.1,2025-03-05
S002,P0012,54,2,53.11,0.0,2025-03-04
S001,P0042,93,1,1509.3056501238657,0.0,2025-03-01
S002,P0049,43,2,38.62,0.0,2025-03-04
S001,P0040,95,3,42.87,0.05,2025-03-05
S001,P0007,44,2,20.63,0.1,2025-03-01
S004,P0019,4,4,6.08,0.05,2025-03-02
S001,P0003,33,3,44.37,0.0,2025-03-03
S003,P0039,8,3,64.21,0.15,2025-03-01
S002,P0039,56,4,22.36,0.2,2025-03-03
S002,P0049,14,1,55.51,0.0,2025-03-07
S005,P0025,45,3,81.52,0.15,2025-03-02
S003,P0048,65,2,41.45,0.0,2025-03-03
S001,P0040,98,1,80.14,0.0,2025-03-04
S001,P0037,79,3,68.3,0.05,2025-03-06
S002,P0037,69,4,44.6,0.15,2025-03-04
S003,P0007,64,5,35.92,0.0,2025-03-04
S005,P0028,91,2,39.3,0.05,2025-03-02
S002,P0007,43,5,85.78,0.25,2025-03-05
S001,P0049,20,3,4.63,0.0,2025-03-02
S001,P0018,35,4,54.2,0.05,2025-03-03
S002,P0044,80,3,97.4,0.05,2025-03-06
S004,P0029,24,4,10.63,0.05,2025-03-02
S005,P0010,31,4,72.32,0.05,2025-03-07
S002,P0049,46,4,13.38,0.15,2025-03-02
S002,P0044,17,4,78.25,0.05,2025-03-01
S002,P0042,9,1,81.23,0.0,2025-03-03
S003,P0045,89,5,64.66,0.0,2025-03-06
S001,P0048,98,2,63.58,0.25,2025-03-03
S004,P0038,53,1,7.71,0.1,2025-03-03
S005,P0007,5,3,86.99,0.15,2025-03-06
S003,P0027,25,3,30.69,0.1,2025-03-01
S002,P0028,93,2,11.14,0.1,2025-03-06
S002,P0050,76,3,75.52,0.0,2025-03-05
S005,P0021,22,5,51.93,0.15,2025-03-02
S001,P0011,47,3,25.34,0.0,2025-03-03
S005,P0044,13,4,70.37,0.0,2025-03-05
S004,P0028,58,2,4.25,0.05,2025-03-07
S004,P0046,74,2,6.42,0.15,2025-03-03
S002,P0021,49,3,74.99,0.05,2025-03-06
S004,P0032,11,3,11.35,,2025-03-06
S002,P0042,34,3,98.84,0.05,2025-03-05
S002,P0043,51,3,94.15,0.05,2025-03-04
S002,P0022,30,2,39.91,0.0,2025-03-02
S002,P0018,79,3,88.4,0.0,2025-03-04
S002,P0036,10,3,57.43,0.0,2025-03-07
